UtcTime,Computer,User,EventID,Image,CommandLine,ParentImage,DestinationIp,DestinationPort,Hashes
2026-03-10 00:00:00.000,LINUX-JUMP-01,svc-export,1,node,"node",cmd.exe,,,SHA256=0002f92b7961f4b90002f92b7961f4b90002f92b7961f4b90002f92b7961f4b9
2026-03-10 00:11:17.360,ENG-MAC-17,jamie.patel,1,git,"git",systemd,,,SHA256=000b3421acd78a5c000b3421acd78a5c000b3421acd78a5c000b3421acd78a5c
2026-03-10 00:21:30.684,ENG-MAC-17,jamie.patel,1,python3,"python3",systemd,,,SHA256=0021d03ee1e07e2c0021d03ee1e07e2c0021d03ee1e07e2c0021d03ee1e07e2c
2026-03-10 00:32:07.249,LINUX-JUMP-01,taylor.owens,1,slack.exe,"slack.exe",explorer.exe,,,SHA256=00011d1a95fa4e3200011d1a95fa4e3200011d1a95fa4e3200011d1a95fa4e32
2026-03-10 00:35:50.413,FIN-WS17,svc-export,1,chrome.exe,"chrome.exe",cmd.exe,,,SHA256=00020ff0e83e7c5d00020ff0e83e7c5d00020ff0e83e7c5d00020ff0e83e7c5d
2026-03-10 00:46:46.262,LINUX-JUMP-01,svc-export,1,outlook.exe,"outlook.exe",explorer.exe,,,SHA256=0012c40ab301eee80012c40ab301eee80012c40ab301eee80012c40ab301eee8
2026-03-10 00:50:18.910,LINUX-JUMP-01,taylor.owens,1,python3,"python3",launchd,,,SHA256=001e8f61bba1e19c001e8f61bba1e19c001e8f61bba1e19c001e8f61bba1e19c
2026-03-10 01:01:29.464,BLD-RUN-02,svc-export,1,git,"git",explorer.exe,,,SHA256=00089ab7a5fc6de700089ab7a5fc6de700089ab7a5fc6de700089ab7a5fc6de7
2026-03-10 01:10:59.448,LINUX-JUMP-01,svc-export,1,git,"git",systemd,,,SHA256=0021e36e492029fa0021e36e492029fa0021e36e492029fa0021e36e492029fa
2026-03-10 01:22:05.261,ENG-MAC-17,riley.kapoor,1,git,"git",cmd.exe,,,SHA256=00162fc7da0b376100162fc7da0b376100162fc7da0b376100162fc7da0b3761
2026-03-10 01:24:56.935,ENG-MAC-04,riley.kapoor,1,outlook.exe,"outlook.exe",cmd.exe,,,SHA256=000813407561dfdf000813407561dfdf000813407561dfdf000813407561dfdf
2026-03-10 01:33:46.447,FIN-WS17,alex.chen,1,outlook.exe,"outlook.exe",systemd,,,SHA256=000f973f0fb5a374000f973f0fb5a374000f973f0fb5a374000f973f0fb5a374
2026-03-10 01:41:46.535,FIN-WS22,riley.kapoor,1,python3,"python3",cmd.exe,,,SHA256=001f1f337d22eccf001f1f337d22eccf001f1f337d22eccf001f1f337d22eccf
2026-03-10 01:44:42.328,ENG-MAC-17,svc-build,1,powershell.exe,"powershell.exe",cmd.exe,,,SHA256=0019b8f20197919d0019b8f20197919d0019b8f20197919d0019b8f20197919d
2026-03-10 01:47:20.913,BLD-RUN-02,morgan.sato,1,chrome.exe,"chrome.exe",systemd,,,SHA256=0021bfa9cf6662780021bfa9cf6662780021bfa9cf6662780021bfa9cf666278
2026-03-10 01:50:07.800,ENG-MAC-04,svc-export,1,slack.exe,"slack.exe",cmd.exe,,,SHA256=001986105f856a5e001986105f856a5e001986105f856a5e001986105f856a5e
2026-03-10 02:00:17.320,ENG-MAC-17,morgan.sato,1,chrome.exe,"chrome.exe",cmd.exe,,,SHA256=000c9947bbf5a7fd000c9947bbf5a7fd000c9947bbf5a7fd000c9947bbf5a7fd
2026-03-10 02:08:33.428,LINUX-JUMP-01,taylor.owens,1,python3,"python3",systemd,,,SHA256=000a6bc641921331000a6bc641921331000a6bc641921331000a6bc641921331
2026-03-10 02:16:08.850,ENG-MAC-17,svc-export,1,node,"node",cmd.exe,,,SHA256=0010fdc6560d37880010fdc6560d37880010fdc6560d37880010fdc6560d3788
2026-03-10 02:19:18.653,FIN-WS22,svc-build,1,python3,"python3",launchd,,,SHA256=001893f8563ba0ae001893f8563ba0ae001893f8563ba0ae001893f8563ba0ae
2026-03-10 02:24:37.326,BLD-RUN-02,svc-export,1,sshd,"sshd",cmd.exe,,,SHA256=001ecb24219f580c001ecb24219f580c001ecb24219f580c001ecb24219f580c
2026-03-10 02:33:18.413,LINUX-JUMP-01,jamie.patel,1,outlook.exe,"outlook.exe",explorer.exe,,,SHA256=00160996d9b8d2fa00160996d9b8d2fa00160996d9b8d2fa00160996d9b8d2fa
2026-03-10 02:41:48.413,LINUX-JUMP-01,alex.chen,1,slack.exe,"slack.exe",explorer.exe,,,SHA256=0015f87f7c897f590015f87f7c897f590015f87f7c897f590015f87f7c897f59
2026-03-10 02:44:51.575,ENG-MAC-04,svc-build,1,python3,"python3",launchd,,,SHA256=002326e6fc61a872002326e6fc61a872002326e6fc61a872002326e6fc61a872
2026-03-10 02:49:42.654,FIN-WS22,taylor.owens,1,python3,"python3",cmd.exe,,,SHA256=000eee4613fd4865000eee4613fd4865000eee4613fd4865000eee4613fd4865
2026-03-10 02:59:47.697,ENG-MAC-17,alex.chen,1,powershell.exe,"powershell.exe",launchd,,,SHA256=001e3e8371be9297001e3e8371be9297001e3e8371be9297001e3e8371be9297
2026-03-10 03:07:59.274,FIN-WS22,svc-export,1,git,"git",explorer.exe,,,SHA256=000e222ee28d29d8000e222ee28d29d8000e222ee28d29d8000e222ee28d29d8
2026-03-10 03:13:06.767,ENG-MAC-17,svc-export,1,sshd,"sshd",explorer.exe,,,SHA256=000bb6d1e59b193b000bb6d1e59b193b000bb6d1e59b193b000bb6d1e59b193b
2026-03-10 03:23:02.711,ENG-MAC-04,jamie.patel,1,chrome.exe,"chrome.exe",launchd,,,SHA256=00071d9b9c8858d800071d9b9c8858d800071d9b9c8858d800071d9b9c8858d8
2026-03-10 03:31:54.708,LINUX-JUMP-01,svc-export,1,sshd,"sshd",explorer.exe,,,SHA256=0014fcc856cef7ec0014fcc856cef7ec0014fcc856cef7ec0014fcc856cef7ec
2026-03-10 03:39:24.967,ENG-MAC-04,svc-export,1,slack.exe,"slack.exe",cmd.exe,,,SHA256=00234619fdfa841400234619fdfa841400234619fdfa841400234619fdfa8414
2026-03-10 03:43:15.524,ENG-MAC-04,riley.kapoor,1,chrome.exe,"chrome.exe",systemd,,,SHA256=0005531fe12a019e0005531fe12a019e0005531fe12a019e0005531fe12a019e
2026-03-10 03:54:29.970,ENG-MAC-04,taylor.owens,1,node,"node",systemd,,,SHA256=0009e2f41bcb53160009e2f41bcb53160009e2f41bcb53160009e2f41bcb5316
2026-03-10 03:58:09.130,BLD-RUN-02,jamie.patel,1,python3,"python3",explorer.exe,,,SHA256=00023f1ec8ac569e00023f1ec8ac569e00023f1ec8ac569e00023f1ec8ac569e
2026-03-10 04:03:29.305,FIN-WS22,svc-build,1,python3,"python3",explorer.exe,,,SHA256=00198ce48e07d5c400198ce48e07d5c400198ce48e07d5c400198ce48e07d5c4
2026-03-10 04:07:42.000,FIN-WS17,jamie.patel,1,python3,"python3",systemd,,,SHA256=001c65771b86b8b6001c65771b86b8b6001c65771b86b8b6001c65771b86b8b6
2026-03-10 04:10:31.764,ENG-MAC-04,svc-build,1,chrome.exe,"chrome.exe",launchd,,,SHA256=000d9f9c529a5035000d9f9c529a5035000d9f9c529a5035000d9f9c529a5035
2026-03-10 04:18:05.920,BLD-RUN-02,riley.kapoor,1,powershell.exe,"powershell.exe",explorer.exe,,,SHA256=001dc705a5aa099c001dc705a5aa099c001dc705a5aa099c001dc705a5aa099c
2026-03-10 04:21:52.302,ENG-MAC-17,svc-build,1,node,"node",systemd,,,SHA256=0002feea92e90ebc0002feea92e90ebc0002feea92e90ebc0002feea92e90ebc
2026-03-10 04:26:58.234,BLD-RUN-02,riley.kapoor,1,chrome.exe,"chrome.exe",cmd.exe,,,SHA256=000a7e587e563f9e000a7e587e563f9e000a7e587e563f9e000a7e587e563f9e
2026-03-10 04:36:59.109,FIN-WS17,svc-build,1,outlook.exe,"outlook.exe",cmd.exe,,,SHA256=001a2d6992462e31001a2d6992462e31001a2d6992462e31001a2d6992462e31
2026-03-10 04:44:05.108,LINUX-JUMP-01,riley.kapoor,1,python3,"python3",cmd.exe,,,SHA256=00042651673c5c9200042651673c5c9200042651673c5c9200042651673c5c92
2026-03-10 04:53:20.640,FIN-WS22,svc-build,1,powershell.exe,"powershell.exe",systemd,,,SHA256=0020155acdef847e0020155acdef847e0020155acdef847e0020155acdef847e
2026-03-10 05:03:27.469,FIN-WS22,jamie.patel,1,slack.exe,"slack.exe",cmd.exe,,,SHA256=0016ce447d8432fa0016ce447d8432fa0016ce447d8432fa0016ce447d8432fa
2026-03-10 05:08:47.556,BLD-RUN-02,svc-build,1,git,"git",launchd,,,SHA256=0021aa4f344a15680021aa4f344a15680021aa4f344a15680021aa4f344a1568
2026-03-10 05:20:17.377,ENG-MAC-17,riley.kapoor,1,git,"git",systemd,,,SHA256=0014acd909b405750014acd909b405750014acd909b405750014acd909b40575
2026-03-10 05:23:07.666,ENG-MAC-04,taylor.owens,1,node,"node",cmd.exe,,,SHA256=0010e10439e0bfa50010e10439e0bfa50010e10439e0bfa50010e10439e0bfa5
2026-03-10 05:26:10.748,ENG-MAC-04,svc-export,1,outlook.exe,"outlook.exe",cmd.exe,,,SHA256=0019398626ab4c6d0019398626ab4c6d0019398626ab4c6d0019398626ab4c6d
2026-03-10 05:35:45.082,FIN-WS22,jamie.patel,1,sshd,"sshd",systemd,,,SHA256=00228a4818770e1c00228a4818770e1c00228a4818770e1c00228a4818770e1c
2026-03-10 05:39:30.428,ENG-MAC-17,svc-build,1,powershell.exe,"powershell.exe",cmd.exe,,,SHA256=001cc71a97c22dfc001cc71a97c22dfc001cc71a97c22dfc001cc71a97c22dfc
2026-03-10 05:44:57.917,FIN-WS22,svc-export,1,python3,"python3",launchd,,,SHA256=001d51c736985978001d51c736985978001d51c736985978001d51c736985978
2026-03-10 05:49:51.792,ENG-MAC-04,svc-build,1,chrome.exe,"chrome.exe",explorer.exe,,,SHA256=001834515ca57421001834515ca57421001834515ca57421001834515ca57421
2026-03-10 05:58:42.000,FIN-WS22,morgan.sato,1,git,"git",explorer.exe,,,SHA256=0004d3ca6a99a5f20004d3ca6a99a5f20004d3ca6a99a5f20004d3ca6a99a5f2
2026-03-10 06:07:51.120,FIN-WS22,alex.chen,1,node,"node",cmd.exe,,,SHA256=0008ba0a31670d230008ba0a31670d230008ba0a31670d230008ba0a31670d23
2026-03-10 06:12:11.175,LINUX-JUMP-01,svc-build,1,git,"git",launchd,,,SHA256=0000396a0013e95e0000396a0013e95e0000396a0013e95e0000396a0013e95e
2026-03-10 06:17:35.158,FIN-WS22,svc-build,1,node,"node",systemd,,,SHA256=0001ea2863b162440001ea2863b162440001ea2863b162440001ea2863b16244
2026-03-10 06:20:17.912,BLD-RUN-02,svc-export,1,node,"node",cmd.exe,,,SHA256=0007b0744e1fa5760007b0744e1fa5760007b0744e1fa5760007b0744e1fa576
2026-03-10 06:31:38.395,ENG-MAC-17,taylor.owens,1,node,"node",explorer.exe,,,SHA256=001a3effb2b910a9001a3effb2b910a9001a3effb2b910a9001a3effb2b910a9
2026-03-10 06:42:01.059,ENG-MAC-04,morgan.sato,1,outlook.exe,"outlook.exe",cmd.exe,,,SHA256=00107cf5b84c026600107cf5b84c026600107cf5b84c026600107cf5b84c0266
2026-03-10 06:45:12.681,LINUX-JUMP-01,alex.chen,1,sshd,"sshd",explorer.exe,,,SHA256=00077cf38b78d08700077cf38b78d08700077cf38b78d08700077cf38b78d087
2026-03-10 06:48:40.690,ENG-MAC-17,svc-export,1,git,"git",launchd,,,SHA256=0014fe9432b1d5970014fe9432b1d5970014fe9432b1d5970014fe9432b1d597
2026-03-10 06:52:41.990,LINUX-JUMP-01,morgan.sato,1,sshd,"sshd",cmd.exe,,,SHA256=0016e3f93b8096910016e3f93b8096910016e3f93b8096910016e3f93b809691
2026-03-10 06:56:23.147,FIN-WS17,svc-build,1,sshd,"sshd",cmd.exe,,,SHA256=001088692c3840be001088692c3840be001088692c3840be001088692c3840be
2026-03-10 07:06:53.196,ENG-MAC-04,svc-export,1,sshd,"sshd",cmd.exe,,,SHA256=00138f6029ac3ba000138f6029ac3ba000138f6029ac3ba000138f6029ac3ba0
2026-03-10 07:11:12.480,FIN-WS17,alex.chen,1,git,"git",explorer.exe,,,SHA256=000fcbc15e10d526000fcbc15e10d526000fcbc15e10d526000fcbc15e10d526
2026-03-10 07:18:21.916,BLD-RUN-02,riley.kapoor,1,sshd,"sshd",launchd,,,SHA256=00113430e2fb36a300113430e2fb36a300113430e2fb36a300113430e2fb36a3
2026-03-10 07:28:27.621,FIN-WS22,svc-build,1,outlook.exe,"outlook.exe",explorer.exe,,,SHA256=0014e30f4c1e673b0014e30f4c1e673b0014e30f4c1e673b0014e30f4c1e673b
2026-03-10 07:32:50.538,ENG-MAC-04,riley.kapoor,1,node,"node",cmd.exe,,,SHA256=00066de4224034c700066de4224034c700066de4224034c700066de4224034c7
2026-03-10 07:39:37.752,LINUX-JUMP-01,jamie.patel,1,git,"git",launchd,,,SHA256=000180f12d2cfe59000180f12d2cfe59000180f12d2cfe59000180f12d2cfe59
2026-03-10 07:42:23.733,LINUX-JUMP-01,morgan.sato,1,sshd,"sshd",cmd.exe,,,SHA256=00061e14dcb29be900061e14dcb29be900061e14dcb29be900061e14dcb29be9
2026-03-10 07:45:11.456,FIN-WS22,svc-export,1,powershell.exe,"powershell.exe",launchd,,,SHA256=0009b6cc6d538cd60009b6cc6d538cd60009b6cc6d538cd60009b6cc6d538cd6
2026-03-10 07:49:44.830,BLD-RUN-02,alex.chen,1,chrome.exe,"chrome.exe",systemd,,,SHA256=000633a9ce87433b000633a9ce87433b000633a9ce87433b000633a9ce87433b
2026-03-10 07:57:48.366,BLD-RUN-02,alex.chen,1,git,"git",systemd,,,SHA256=000239169cb85c4c000239169cb85c4c000239169cb85c4c000239169cb85c4c
2026-03-10 08:04:04.595,LINUX-JUMP-01,taylor.owens,1,git,"git",explorer.exe,,,SHA256=001c70f1bb33ee35001c70f1bb33ee35001c70f1bb33ee35001c70f1bb33ee35
2026-03-10 08:11:05.130,ENG-MAC-17,riley.kapoor,1,chrome.exe,"chrome.exe",launchd,,,SHA256=000fb989517f5a2b000fb989517f5a2b000fb989517f5a2b000fb989517f5a2b
2026-03-10 08:18:52.045,FIN-WS17,jamie.patel,1,outlook.exe,"outlook.exe",launchd,,,SHA256=000dc1b5a4a255bd000dc1b5a4a255bd000dc1b5a4a255bd000dc1b5a4a255bd
2026-03-10 08:30:20.681,FIN-WS17,jamie.patel,1,git,"git",cmd.exe,,,SHA256=00235030f8b4b07e00235030f8b4b07e00235030f8b4b07e00235030f8b4b07e
2026-03-10 08:33:45.085,BLD-RUN-02,svc-build,1,outlook.exe,"outlook.exe",explorer.exe,,,SHA256=00232cd6731dcb9800232cd6731dcb9800232cd6731dcb9800232cd6731dcb98
2026-03-10 08:36:28.870,LINUX-JUMP-01,morgan.sato,1,node,"node",systemd,,,SHA256=0006255eb65556fa0006255eb65556fa0006255eb65556fa0006255eb65556fa
2026-03-10 08:40:16.855,ENG-MAC-17,svc-export,1,slack.exe,"slack.exe",cmd.exe,,,SHA256=001dcdbdfcd1c411001dcdbdfcd1c411001dcdbdfcd1c411001dcdbdfcd1c411
2026-03-10 08:46:19.690,BLD-RUN-02,svc-build,1,sshd,"sshd",cmd.exe,,,SHA256=00151ce4d37b884e00151ce4d37b884e00151ce4d37b884e00151ce4d37b884e
2026-03-10 08:51:01.823,ENG-MAC-17,jamie.patel,1,sshd,"sshd",launchd,,,SHA256=001c7f01cb51d1ea001c7f01cb51d1ea001c7f01cb51d1ea001c7f01cb51d1ea
2026-03-10 08:54:33.427,ENG-MAC-04,svc-export,1,outlook.exe,"outlook.exe",explorer.exe,,,SHA256=000f99d11a9147a7000f99d11a9147a7000f99d11a9147a7000f99d11a9147a7
2026-03-10 09:04:23.757,BLD-RUN-02,svc-build,1,python3,"python3",explorer.exe,,,SHA256=00175813e65fe08200175813e65fe08200175813e65fe08200175813e65fe082
2026-03-10 09:09:25.186,FIN-WS17,morgan.sato,1,outlook.exe,"outlook.exe",cmd.exe,,,SHA256=000ea10a118b6284000ea10a118b6284000ea10a118b6284000ea10a118b6284
2026-03-10 09:19:55.865,ENG-MAC-04,riley.kapoor,1,sshd,"sshd",explorer.exe,,,SHA256=000790898d7cb846000790898d7cb846000790898d7cb846000790898d7cb846
2026-03-10 09:25:20.390,ENG-MAC-17,svc-export,1,slack.exe,"slack.exe",launchd,,,SHA256=002084da9ba89abc002084da9ba89abc002084da9ba89abc002084da9ba89abc
2026-03-10 09:32:01.487,ENG-MAC-17,morgan.sato,1,node,"node",cmd.exe,,,SHA256=0014b24baaab195c0014b24baaab195c0014b24baaab195c0014b24baaab195c
2026-03-10 09:40:34.962,BLD-RUN-02,svc-build,1,python3,"python3",cmd.exe,,,SHA256=000d1f4bdf44e4cc000d1f4bdf44e4cc000d1f4bdf44e4cc000d1f4bdf44e4cc
2026-03-10 09:44:11.875,BLD-RUN-02,jamie.patel,1,outlook.exe,"outlook.exe",launchd,,,SHA256=00055ecef4fcf88c00055ecef4fcf88c00055ecef4fcf88c00055ecef4fcf88c
2026-03-10 09:47:57.017,BLD-RUN-02,jamie.patel,1,sshd,"sshd",cmd.exe,,,SHA256=001de02db97be664001de02db97be664001de02db97be664001de02db97be664
2026-03-10 09:58:15.703,FIN-WS17,svc-build,1,outlook.exe,"outlook.exe",explorer.exe,,,SHA256=0001581f1086aa710001581f1086aa710001581f1086aa710001581f1086aa71
2026-03-10 10:05:40.038,BLD-RUN-02,jamie.patel,1,sshd,"sshd",systemd,,,SHA256=000e99d8dbeb2132000e99d8dbeb2132000e99d8dbeb2132000e99d8dbeb2132
2026-03-10 10:11:03.079,ENG-MAC-04,jamie.patel,1,git,"git",systemd,,,SHA256=00037411bda208e000037411bda208e000037411bda208e000037411bda208e0
2026-03-10 10:17:20.608,BLD-RUN-02,alex.chen,1,chrome.exe,"chrome.exe",launchd,,,SHA256=0021add9b0c575f00021add9b0c575f00021add9b0c575f00021add9b0c575f0
2026-03-10 10:26:24.962,ENG-MAC-17,svc-export,1,python3,"python3",cmd.exe,,,SHA256=001aede69cfdde98001aede69cfdde98001aede69cfdde98001aede69cfdde98
2026-03-10 10:36:06.923,ENG-MAC-04,riley.kapoor,1,chrome.exe,"chrome.exe",launchd,,,SHA256=00077b9d8c1debaa00077b9d8c1debaa00077b9d8c1debaa00077b9d8c1debaa
2026-03-10 10:42:37.005,ENG-MAC-17,svc-export,1,powershell.exe,"powershell.exe",explorer.exe,,,SHA256=0008b7b5504c25290008b7b5504c25290008b7b5504c25290008b7b5504c2529
2026-03-10 10:48:47.408,ENG-MAC-04,morgan.sato,1,outlook.exe,"outlook.exe",systemd,,,SHA256=00100aa1cdbee75400100aa1cdbee75400100aa1cdbee75400100aa1cdbee754
2026-03-10 10:58:14.972,FIN-WS17,svc-export,1,sshd,"sshd",explorer.exe,,,SHA256=0022f582d569e1280022f582d569e1280022f582d569e1280022f582d569e128
2026-03-10 11:08:01.909,FIN-WS22,svc-build,1,git,"git",explorer.exe,,,SHA256=002187d2d2d23f8a002187d2d2d23f8a002187d2d2d23f8a002187d2d2d23f8a
2026-03-10 11:14:17.002,FIN-WS17,riley.kapoor,1,slack.exe,"slack.exe",launchd,,,SHA256=00081ea48f64a89100081ea48f64a89100081ea48f64a89100081ea48f64a891
2026-03-10 11:19:21.038,ENG-MAC-04,jamie.patel,1,chrome.exe,"chrome.exe",systemd,,,SHA256=0003a2728448d8a70003a2728448d8a70003a2728448d8a70003a2728448d8a7
2026-03-10 11:29:46.124,BLD-RUN-02,alex.chen,1,chrome.exe,"chrome.exe",explorer.exe,,,SHA256=0007c4a63dee1f7e0007c4a63dee1f7e0007c4a63dee1f7e0007c4a63dee1f7e
2026-03-10 11:36:52.390,FIN-WS17,alex.chen,1,powershell.exe,"powershell.exe",explorer.exe,,,SHA256=0004515a82ffb50c0004515a82ffb50c0004515a82ffb50c0004515a82ffb50c
2026-03-10 11:44:14.537,ENG-MAC-04,jamie.patel,1,git,"git",explorer.exe,,,SHA256=000e6582e1b4f709000e6582e1b4f709000e6582e1b4f709000e6582e1b4f709
2026-03-10 11:49:35.458,BLD-RUN-02,svc-export,1,node,"node",explorer.exe,,,SHA256=000aba898049a5a9000aba898049a5a9000aba898049a5a9000aba898049a5a9
2026-03-10 11:54:49.310,FIN-WS17,alex.chen,1,slack.exe,"slack.exe",cmd.exe,,,SHA256=00135b3df7cd3a7e00135b3df7cd3a7e00135b3df7cd3a7e00135b3df7cd3a7e
2026-03-10 11:58:00.219,BLD-RUN-02,riley.kapoor,1,python3,"python3",cmd.exe,,,SHA256=00114bcd34d806cf00114bcd34d806cf00114bcd34d806cf00114bcd34d806cf
2026-03-10 12:09:27.278,BLD-RUN-02,svc-export,1,chrome.exe,"chrome.exe",explorer.exe,,,SHA256=001931ee4cd6f6c4001931ee4cd6f6c4001931ee4cd6f6c4001931ee4cd6f6c4
2026-03-10 12:16:47.464,BLD-RUN-02,taylor.owens,1,python3,"python3",explorer.exe,,,SHA256=0009faff4cc935370009faff4cc935370009faff4cc935370009faff4cc93537
2026-03-10 12:27:45.020,BLD-RUN-02,svc-build,1,node,"node",systemd,,,SHA256=0011fe2f4092880c0011fe2f4092880c0011fe2f4092880c0011fe2f4092880c
2026-03-10 12:31:22.095,FIN-WS22,riley.kapoor,1,python3,"python3",explorer.exe,,,SHA256=002297eb6668a754002297eb6668a754002297eb6668a754002297eb6668a754
2026-03-10 12:37:17.958,LINUX-JUMP-01,svc-export,1,powershell.exe,"powershell.exe",explorer.exe,,,SHA256=00022fa9ee8219b900022fa9ee8219b900022fa9ee8219b900022fa9ee8219b9
2026-03-10 12:39:53.715,FIN-WS17,alex.chen,1,outlook.exe,"outlook.exe",launchd,,,SHA256=000c0597714bd6d7000c0597714bd6d7000c0597714bd6d7000c0597714bd6d7
2026-03-10 12:48:20.716,FIN-WS22,riley.kapoor,1,outlook.exe,"outlook.exe",launchd,,,SHA256=00139a681d63249100139a681d63249100139a681d63249100139a681d632491
2026-03-10 12:55:31.978,FIN-WS17,alex.chen,1,git,"git",systemd,,,SHA256=0019e2cd700566830019e2cd700566830019e2cd700566830019e2cd70056683
2026-03-10 13:01:09.014,ENG-MAC-17,morgan.sato,1,slack.exe,"slack.exe",explorer.exe,,,SHA256=000c457a93b8f723000c457a93b8f723000c457a93b8f723000c457a93b8f723
2026-03-10 13:09:27.286,ENG-MAC-17,svc-export,1,outlook.exe,"outlook.exe",explorer.exe,,,SHA256=00052935f725303100052935f725303100052935f725303100052935f7253031
2026-03-10 13:18:21.496,FIN-WS17,taylor.owens,1,chrome.exe,"chrome.exe",launchd,,,SHA256=000165527762947a000165527762947a000165527762947a000165527762947a
2026-03-10 13:27:20.536,BLD-RUN-02,riley.kapoor,1,slack.exe,"slack.exe",cmd.exe,,,SHA256=0006e8ab506c27250006e8ab506c27250006e8ab506c27250006e8ab506c2725
2026-03-10 13:32:08.016,BLD-RUN-02,jamie.patel,1,chrome.exe,"chrome.exe",launchd,,,SHA256=0021807351497502002180735149750200218073514975020021807351497502
2026-03-10 13:39:48.763,BLD-RUN-02,svc-export,1,powershell.exe,"powershell.exe",cmd.exe,,,SHA256=0003e29b650a3a920003e29b650a3a920003e29b650a3a920003e29b650a3a92
2026-03-10 13:43:49.031,BLD-RUN-02,jamie.patel,1,node,"node",cmd.exe,,,SHA256=001ca2de3579f5ba001ca2de3579f5ba001ca2de3579f5ba001ca2de3579f5ba
2026-03-10 13:52:26.629,FIN-WS17,svc-build,1,git,"git",cmd.exe,,,SHA256=0009222ec062a46a0009222ec062a46a0009222ec062a46a0009222ec062a46a
2026-03-10 14:03:18.870,BLD-RUN-02,jamie.patel,1,powershell.exe,"powershell.exe",explorer.exe,,,SHA256=001dabcb8970819b001dabcb8970819b001dabcb8970819b001dabcb8970819b
2026-03-10 14:06:46.858,BLD-RUN-02,alex.chen,1,python3,"python3",explorer.exe,,,SHA256=001c87ab021d506a001c87ab021d506a001c87ab021d506a001c87ab021d506a
2026-03-10 14:13:23.787,FIN-WS22,morgan.sato,1,powershell.exe,"powershell.exe",launchd,,,SHA256=000a9b08e7b0c145000a9b08e7b0c145000a9b08e7b0c145000a9b08e7b0c145
2026-03-10 14:18:55.814,ENG-MAC-04,alex.chen,1,chrome.exe,"chrome.exe",cmd.exe,,,SHA256=00102341fd8f476300102341fd8f476300102341fd8f476300102341fd8f4763
2026-03-10 14:25:33.808,LINUX-JUMP-01,jamie.patel,1,node,"node",cmd.exe,,,SHA256=00095daae0995cf200095daae0995cf200095daae0995cf200095daae0995cf2
2026-03-10 14:30:03.565,ENG-MAC-17,taylor.owens,1,chrome.exe,"chrome.exe",launchd,,,SHA256=00101d3b60744acc00101d3b60744acc00101d3b60744acc00101d3b60744acc
2026-03-10 14:41:05.532,FIN-WS22,alex.chen,1,chrome.exe,"chrome.exe",cmd.exe,,,SHA256=000973825db11c96000973825db11c96000973825db11c96000973825db11c96
2026-03-10 14:49:20.893,BLD-RUN-02,morgan.sato,1,slack.exe,"slack.exe",launchd,,,SHA256=0008c7250b910c870008c7250b910c870008c7250b910c870008c7250b910c87
2026-03-10 14:52:21.155,FIN-WS17,alex.chen,1,slack.exe,"slack.exe",cmd.exe,,,SHA256=0021f1f8b17772540021f1f8b17772540021f1f8b17772540021f1f8b1777254
2026-03-10 15:00:38.838,ENG-MAC-04,svc-build,1,python3,"python3",launchd,,,SHA256=00119ce98ca2aef200119ce98ca2aef200119ce98ca2aef200119ce98ca2aef2
2026-03-10 15:08:27.114,FIN-WS17,svc-export,1,slack.exe,"slack.exe",cmd.exe,,,SHA256=00009612a018bb2800009612a018bb2800009612a018bb2800009612a018bb28
2026-03-10 15:12:19.481,FIN-WS22,jamie.patel,1,powershell.exe,"powershell.exe",explorer.exe,,,SHA256=000c94f21c137930000c94f21c137930000c94f21c137930000c94f21c137930
2026-03-10 15:23:43.879,LINUX-JUMP-01,svc-build,1,node,"node",systemd,,,SHA256=002057654176c1d0002057654176c1d0002057654176c1d0002057654176c1d0
2026-03-10 15:30:29.808,FIN-WS22,jamie.patel,1,git,"git",cmd.exe,,,SHA256=0006a6f096f4ebb70006a6f096f4ebb70006a6f096f4ebb70006a6f096f4ebb7
2026-03-10 15:38:36.531,ENG-MAC-04,svc-export,1,chrome.exe,"chrome.exe",explorer.exe,,,SHA256=00085860a6304ffe00085860a6304ffe00085860a6304ffe00085860a6304ffe
2026-03-10 15:43:03.613,LINUX-JUMP-01,taylor.owens,1,slack.exe,"slack.exe",cmd.exe,,,SHA256=000540c75edaa11c000540c75edaa11c000540c75edaa11c000540c75edaa11c
2026-03-10 15:50:43.921,FIN-WS17,svc-export,1,slack.exe,"slack.exe",cmd.exe,,,SHA256=001aa4c62153d9bb001aa4c62153d9bb001aa4c62153d9bb001aa4c62153d9bb
2026-03-10 15:56:39.527,FIN-WS17,taylor.owens,1,chrome.exe,"chrome.exe",explorer.exe,,,SHA256=000a2af63170a71d000a2af63170a71d000a2af63170a71d000a2af63170a71d
2026-03-10 16:02:22.276,LINUX-JUMP-01,morgan.sato,1,node,"node",explorer.exe,,,SHA256=000cef005c388f1d000cef005c388f1d000cef005c388f1d000cef005c388f1d
2026-03-10 16:10:56.381,ENG-MAC-04,taylor.owens,1,python3,"python3",launchd,,,SHA256=0004081c27903bef0004081c27903bef0004081c27903bef0004081c27903bef
2026-03-10 16:15:27.311,ENG-MAC-17,alex.chen,1,chrome.exe,"chrome.exe",launchd,,,SHA256=001664e28f06602b001664e28f06602b001664e28f06602b001664e28f06602b
2026-03-10 16:21:10.245,FIN-WS22,taylor.owens,1,chrome.exe,"chrome.exe",launchd,,,SHA256=001c1f97d64b1bc8001c1f97d64b1bc8001c1f97d64b1bc8001c1f97d64b1bc8
2026-03-10 16:32:36.965,ENG-MAC-17,taylor.owens,1,python3,"python3",launchd,,,SHA256=00137832c797bf0e00137832c797bf0e00137832c797bf0e00137832c797bf0e
2026-03-10 16:36:30.598,BLD-RUN-02,morgan.sato,1,node,"node",systemd,,,SHA256=000d2abb7b88caae000d2abb7b88caae000d2abb7b88caae000d2abb7b88caae
2026-03-10 16:44:05.058,FIN-WS17,morgan.sato,1,outlook.exe,"outlook.exe",launchd,,,SHA256=001972ff85cb2c7b001972ff85cb2c7b001972ff85cb2c7b001972ff85cb2c7b
2026-03-10 16:46:56.217,FIN-WS22,svc-export,1,python3,"python3",launchd,,,SHA256=001a804bf4dd8680001a804bf4dd8680001a804bf4dd8680001a804bf4dd8680
2026-03-10 16:54:14.246,ENG-MAC-17,riley.kapoor,1,node,"node",explorer.exe,,,SHA256=0004e6c4cadfda5f0004e6c4cadfda5f0004e6c4cadfda5f0004e6c4cadfda5f
2026-03-10 17:05:04.498,BLD-RUN-02,taylor.owens,1,git,"git",cmd.exe,,,SHA256=000923203645cd43000923203645cd43000923203645cd43000923203645cd43
2026-03-10 17:13:04.824,ENG-MAC-17,morgan.sato,1,outlook.exe,"outlook.exe",cmd.exe,,,SHA256=0007c56f4d88f0cb0007c56f4d88f0cb0007c56f4d88f0cb0007c56f4d88f0cb
2026-03-10 17:20:51.042,FIN-WS22,svc-export,1,powershell.exe,"powershell.exe",systemd,,,SHA256=000391972517a3b0000391972517a3b0000391972517a3b0000391972517a3b0
2026-03-10 17:29:53.991,ENG-MAC-04,svc-build,1,python3,"python3",systemd,,,SHA256=001b04a007b54121001b04a007b54121001b04a007b54121001b04a007b54121
2026-03-10 17:35:09.466,FIN-WS22,svc-build,1,slack.exe,"slack.exe",systemd,,,SHA256=0022ac17a43707fe0022ac17a43707fe0022ac17a43707fe0022ac17a43707fe
2026-03-10 17:37:48.384,LINUX-JUMP-01,jamie.patel,1,outlook.exe,"outlook.exe",systemd,,,SHA256=00234fd32815737e00234fd32815737e00234fd32815737e00234fd32815737e
2026-03-10 17:41:24.532,ENG-MAC-04,jamie.patel,1,python3,"python3",cmd.exe,,,SHA256=0016d6be122d3cec0016d6be122d3cec0016d6be122d3cec0016d6be122d3cec
2026-03-10 17:44:50.763,FIN-WS22,svc-build,1,python3,"python3",cmd.exe,,,SHA256=0021b2be31c8fa6a0021b2be31c8fa6a0021b2be31c8fa6a0021b2be31c8fa6a
2026-03-10 17:53:04.796,FIN-WS22,riley.kapoor,1,python3,"python3",cmd.exe,,,SHA256=000ac73fc66fd910000ac73fc66fd910000ac73fc66fd910000ac73fc66fd910
2026-03-10 17:58:49.861,FIN-WS17,svc-export,1,python3,"python3",systemd,,,SHA256=001914da900c58bd001914da900c58bd001914da900c58bd001914da900c58bd
2026-03-10 18:08:04.116,FIN-WS17,alex.chen,1,powershell.exe,"powershell.exe",launchd,,,SHA256=00231637edb9c66400231637edb9c66400231637edb9c66400231637edb9c664
2026-03-10 18:11:00.575,ENG-MAC-04,alex.chen,1,powershell.exe,"powershell.exe",cmd.exe,,,SHA256=000be38aae7885d2000be38aae7885d2000be38aae7885d2000be38aae7885d2
2026-03-10 18:20:54.486,FIN-WS22,alex.chen,1,node,"node",systemd,,,SHA256=000cd6446a259e10000cd6446a259e10000cd6446a259e10000cd6446a259e10
2026-03-10 18:28:09.743,LINUX-JUMP-01,svc-build,1,sshd,"sshd",explorer.exe,,,SHA256=0013952cf3107bf10013952cf3107bf10013952cf3107bf10013952cf3107bf1
2026-03-10 18:31:35.771,FIN-WS17,riley.kapoor,1,sshd,"sshd",launchd,,,SHA256=00165515f7a90c7400165515f7a90c7400165515f7a90c7400165515f7a90c74
2026-03-10 18:42:40.922,BLD-RUN-02,riley.kapoor,1,sshd,"sshd",explorer.exe,,,SHA256=000e7562d4463cf8000e7562d4463cf8000e7562d4463cf8000e7562d4463cf8
2026-03-10 18:49:01.061,BLD-RUN-02,alex.chen,1,node,"node",launchd,,,SHA256=00100456dadb297800100456dadb297800100456dadb297800100456dadb2978
2026-03-10 18:52:39.686,ENG-MAC-17,alex.chen,1,outlook.exe,"outlook.exe",launchd,,,SHA256=00135fec1e1cd94a00135fec1e1cd94a00135fec1e1cd94a00135fec1e1cd94a
2026-03-10 18:59:39.484,FIN-WS17,jamie.patel,1,sshd,"sshd",explorer.exe,,,SHA256=0001ef106e17f1160001ef106e17f1160001ef106e17f1160001ef106e17f116
2026-03-10 19:05:59.094,ENG-MAC-17,riley.kapoor,1,node,"node",cmd.exe,,,SHA256=001d66425a6944fc001d66425a6944fc001d66425a6944fc001d66425a6944fc
2026-03-10 19:11:31.425,ENG-MAC-04,svc-build,1,node,"node",cmd.exe,,,SHA256=0021b47f88d348260021b47f88d348260021b47f88d348260021b47f88d34826
2026-03-10 19:22:53.094,BLD-RUN-02,svc-build,1,slack.exe,"slack.exe",systemd,,,SHA256=000d41db3777073c000d41db3777073c000d41db3777073c000d41db3777073c
2026-03-10 19:30:54.252,BLD-RUN-02,jamie.patel,1,node,"node",launchd,,,SHA256=0020e702a431396c0020e702a431396c0020e702a431396c0020e702a431396c
2026-03-10 19:38:23.775,FIN-WS22,jamie.patel,1,python3,"python3",systemd,,,SHA256=000b1f21e63e1004000b1f21e63e1004000b1f21e63e1004000b1f21e63e1004
2026-03-10 19:49:49.750,BLD-RUN-02,alex.chen,1,sshd,"sshd",systemd,,,SHA256=000977bdc83856de000977bdc83856de000977bdc83856de000977bdc83856de
2026-03-10 19:58:36.479,BLD-RUN-02,svc-build,1,powershell.exe,"powershell.exe",cmd.exe,,,SHA256=001c706e177e3fff001c706e177e3fff001c706e177e3fff001c706e177e3fff
2026-03-10 20:07:47.604,FIN-WS17,jamie.patel,1,node,"node",explorer.exe,,,SHA256=000b4627a1806b39000b4627a1806b39000b4627a1806b39000b4627a1806b39
2026-03-10 20:12:34.923,LINUX-JUMP-01,riley.kapoor,1,outlook.exe,"outlook.exe",launchd,,,SHA256=0002c922d7156eb90002c922d7156eb90002c922d7156eb90002c922d7156eb9
2026-03-10 20:16:32.391,FIN-WS22,riley.kapoor,1,sshd,"sshd",cmd.exe,,,SHA256=001efa1ca508e7c5001efa1ca508e7c5001efa1ca508e7c5001efa1ca508e7c5
2026-03-10 20:21:16.610,BLD-RUN-02,svc-export,1,outlook.exe,"outlook.exe",launchd,,,SHA256=00170e04d191fb0d00170e04d191fb0d00170e04d191fb0d00170e04d191fb0d
2026-03-10 20:29:24.661,LINUX-JUMP-01,taylor.owens,1,powershell.exe,"powershell.exe",systemd,,,SHA256=00009bfa748fba6600009bfa748fba6600009bfa748fba6600009bfa748fba66
2026-03-10 20:37:46.923,FIN-WS17,svc-build,1,outlook.exe,"outlook.exe",launchd,,,SHA256=001dee02629931ca001dee02629931ca001dee02629931ca001dee02629931ca
2026-03-10 20:42:59.833,BLD-RUN-02,alex.chen,1,outlook.exe,"outlook.exe",cmd.exe,,,SHA256=000d400251b177e5000d400251b177e5000d400251b177e5000d400251b177e5
2026-03-10 20:51:38.429,FIN-WS17,riley.kapoor,1,outlook.exe,"outlook.exe",cmd.exe,,,SHA256=000bd3be3a5b16a6000bd3be3a5b16a6000bd3be3a5b16a6000bd3be3a5b16a6
2026-03-10 21:01:31.722,FIN-WS22,taylor.owens,1,python3,"python3",systemd,,,SHA256=001fce5120330680001fce5120330680001fce5120330680001fce5120330680
2026-03-10 21:09:00.033,FIN-WS22,alex.chen,1,chrome.exe,"chrome.exe",launchd,,,SHA256=000e1475100d5b66000e1475100d5b66000e1475100d5b66000e1475100d5b66
2026-03-10 21:15:40.674,BLD-RUN-02,riley.kapoor,1,slack.exe,"slack.exe",cmd.exe,,,SHA256=001798fa983434ae001798fa983434ae001798fa983434ae001798fa983434ae
2026-03-10 21:25:48.767,ENG-MAC-17,riley.kapoor,1,sshd,"sshd",launchd,,,SHA256=002214769e2c914e002214769e2c914e002214769e2c914e002214769e2c914e
2026-03-10 21:34:09.388,ENG-MAC-04,alex.chen,1,chrome.exe,"chrome.exe",launchd,,,SHA256=000bb6bdff11e836000bb6bdff11e836000bb6bdff11e836000bb6bdff11e836
2026-03-10 21:45:15.104,FIN-WS17,jamie.patel,1,outlook.exe,"outlook.exe",launchd,,,SHA256=001a16f08036e0c4001a16f08036e0c4001a16f08036e0c4001a16f08036e0c4
2026-03-10 21:54:42.634,FIN-WS22,taylor.owens,1,node,"node",launchd,,,SHA256=0004d4d7067bd1710004d4d7067bd1710004d4d7067bd1710004d4d7067bd171
2026-03-10 21:59:00.825,ENG-MAC-04,jamie.patel,1,sshd,"sshd",explorer.exe,,,SHA256=002326d786fdd34a002326d786fdd34a002326d786fdd34a002326d786fdd34a
2026-03-10 22:07:50.211,BLD-RUN-02,riley.kapoor,1,python3,"python3",launchd,,,SHA256=0018c4cb1b78cedd0018c4cb1b78cedd0018c4cb1b78cedd0018c4cb1b78cedd
2026-03-10 22:16:06.583,ENG-MAC-04,alex.chen,1,sshd,"sshd",launchd,,,SHA256=001a8e2907cffb9d001a8e2907cffb9d001a8e2907cffb9d001a8e2907cffb9d
2026-03-10 22:22:45.595,LINUX-JUMP-01,riley.kapoor,1,slack.exe,"slack.exe",explorer.exe,,,SHA256=00219972cdf96ce600219972cdf96ce600219972cdf96ce600219972cdf96ce6
2026-03-10 22:31:14.443,LINUX-JUMP-01,jamie.patel,1,node,"node",systemd,,,SHA256=00107bf0ef88882800107bf0ef88882800107bf0ef88882800107bf0ef888828
2026-03-10 22:41:55.876,ENG-MAC-04,svc-build,1,slack.exe,"slack.exe",systemd,,,SHA256=0020e28b42552dee0020e28b42552dee0020e28b42552dee0020e28b42552dee
2026-03-10 22:51:48.794,BLD-RUN-02,taylor.owens,1,powershell.exe,"powershell.exe",explorer.exe,,,SHA256=001103e276240bae001103e276240bae001103e276240bae001103e276240bae
2026-03-10 22:58:31.677,FIN-WS22,svc-build,1,slack.exe,"slack.exe",explorer.exe,,,SHA256=000c81bece2e86a4000c81bece2e86a4000c81bece2e86a4000c81bece2e86a4
2026-03-10 23:06:07.152,ENG-MAC-04,morgan.sato,1,git,"git",launchd,,,SHA256=001c0efea67e0836001c0efea67e0836001c0efea67e0836001c0efea67e0836
2026-03-10 23:10:08.916,ENG-MAC-17,morgan.sato,1,slack.exe,"slack.exe",cmd.exe,,,SHA256=0003e4f77a39ba850003e4f77a39ba850003e4f77a39ba850003e4f77a39ba85
2026-03-10 23:20:10.510,BLD-RUN-02,riley.kapoor,1,chrome.exe,"chrome.exe",systemd,,,SHA256=00217eed0bc3083800217eed0bc3083800217eed0bc3083800217eed0bc30838
2026-03-10 23:28:07.343,BLD-RUN-02,riley.kapoor,1,powershell.exe,"powershell.exe",systemd,,,SHA256=0003f248a1c504ac0003f248a1c504ac0003f248a1c504ac0003f248a1c504ac
2026-03-10 23:36:11.005,LINUX-JUMP-01,svc-export,1,node,"node",explorer.exe,,,SHA256=00032e59e1d4520800032e59e1d4520800032e59e1d4520800032e59e1d45208
2026-03-10 23:43:33.961,FIN-WS22,alex.chen,1,outlook.exe,"outlook.exe",cmd.exe,,,SHA256=0006adc9319db8e20006adc9319db8e20006adc9319db8e20006adc9319db8e2
2026-03-10 23:54:32.796,FIN-WS22,svc-build,1,python3,"python3",explorer.exe,,,SHA256=0011ef41110d81820011ef41110d81820011ef41110d81820011ef41110d8182
2026-03-10 23:59:32.532,ENG-MAC-17,svc-build,1,outlook.exe,"outlook.exe",launchd,,,SHA256=00213dfc465448e200213dfc465448e200213dfc465448e200213dfc465448e2
2026-03-11 00:10:50.187,FIN-WS17,svc-export,1,powershell.exe,"powershell.exe",explorer.exe,,,SHA256=00040cbdfe3a93f500040cbdfe3a93f500040cbdfe3a93f500040cbdfe3a93f5
2026-03-11 00:13:23.504,FIN-WS17,svc-build,1,node,"node",systemd,,,SHA256=00184e30161059ea00184e30161059ea00184e30161059ea00184e30161059ea
2026-03-11 00:17:05.133,ENG-MAC-17,morgan.sato,1,git,"git",cmd.exe,,,SHA256=001d5488b9663254001d5488b9663254001d5488b9663254001d5488b9663254
2026-03-11 00:26:31.825,ENG-MAC-04,alex.chen,1,git,"git",launchd,,,SHA256=0000982c3a6556880000982c3a6556880000982c3a6556880000982c3a655688
2026-03-11 00:32:14.409,ENG-MAC-17,svc-export,1,slack.exe,"slack.exe",explorer.exe,,,SHA256=00197425f09d459900197425f09d459900197425f09d459900197425f09d4599
2026-03-11 00:41:43.220,FIN-WS17,jamie.patel,1,slack.exe,"slack.exe",systemd,,,SHA256=0012129820af28a50012129820af28a50012129820af28a50012129820af28a5
2026-03-11 00:44:34.835,BLD-RUN-02,riley.kapoor,1,python3,"python3",launchd,,,SHA256=000d0642b873217b000d0642b873217b000d0642b873217b000d0642b873217b
2026-03-11 00:48:02.651,FIN-WS17,svc-export,1,outlook.exe,"outlook.exe",explorer.exe,,,SHA256=00159265ff7f07cc00159265ff7f07cc00159265ff7f07cc00159265ff7f07cc
2026-03-11 00:52:23.087,BLD-RUN-02,svc-build,1,outlook.exe,"outlook.exe",cmd.exe,,,SHA256=001f9e40b50cd153001f9e40b50cd153001f9e40b50cd153001f9e40b50cd153
2026-03-11 00:56:31.798,FIN-WS22,morgan.sato,1,python3,"python3",launchd,,,SHA256=001d4dd1395987bf001d4dd1395987bf001d4dd1395987bf001d4dd1395987bf
2026-03-11 01:07:04.735,FIN-WS22,svc-export,1,outlook.exe,"outlook.exe",systemd,,,SHA256=00104b2a7347534a00104b2a7347534a00104b2a7347534a00104b2a7347534a
2026-03-11 01:13:35.507,LINUX-JUMP-01,riley.kapoor,1,python3,"python3",systemd,,,SHA256=0017c0d29859533b0017c0d29859533b0017c0d29859533b0017c0d29859533b
2026-03-11 01:24:35.291,ENG-MAC-04,riley.kapoor,1,node,"node",launchd,,,SHA256=000d08ce1c80cdc6000d08ce1c80cdc6000d08ce1c80cdc6000d08ce1c80cdc6
2026-03-11 01:28:10.312,LINUX-JUMP-01,svc-export,1,node,"node",explorer.exe,,,SHA256=0022ac04f2993f080022ac04f2993f080022ac04f2993f080022ac04f2993f08
2026-03-11 01:35:34.155,FIN-WS17,taylor.owens,1,python3,"python3",explorer.exe,,,SHA256=0021201dc31e0b140021201dc31e0b140021201dc31e0b140021201dc31e0b14
2026-03-11 01:38:41.223,FIN-WS22,taylor.owens,1,git,"git",explorer.exe,,,SHA256=00149b04795fa14700149b04795fa14700149b04795fa14700149b04795fa147
2026-03-11 01:43:40.488,BLD-RUN-02,svc-export,1,powershell.exe,"powershell.exe",launchd,,,SHA256=001bbef189b6c759001bbef189b6c759001bbef189b6c759001bbef189b6c759
2026-03-11 01:46:36.125,LINUX-JUMP-01,alex.chen,1,powershell.exe,"powershell.exe",systemd,,,SHA256=0010e7ca0b0d18f60010e7ca0b0d18f60010e7ca0b0d18f60010e7ca0b0d18f6
2026-03-11 01:53:58.163,FIN-WS22,taylor.owens,1,sshd,"sshd",systemd,,,SHA256=000b16b4d5f69cb6000b16b4d5f69cb6000b16b4d5f69cb6000b16b4d5f69cb6
2026-03-11 02:04:40.255,LINUX-JUMP-01,jamie.patel,1,slack.exe,"slack.exe",launchd,,,SHA256=00204fbc42a531c600204fbc42a531c600204fbc42a531c600204fbc42a531c6
2026-03-11 02:12:05.059,BLD-RUN-02,morgan.sato,1,python3,"python3",cmd.exe,,,SHA256=000dedcbfea699b9000dedcbfea699b9000dedcbfea699b9000dedcbfea699b9
2026-03-11 02:19:36.321,ENG-MAC-17,svc-build,1,python3,"python3",cmd.exe,,,SHA256=000230b4a60e9020000230b4a60e9020000230b4a60e9020000230b4a60e9020
2026-03-11 02:24:40.106,LINUX-JUMP-01,svc-build,1,node,"node",explorer.exe,,,SHA256=00144b8c2d10ce0a00144b8c2d10ce0a00144b8c2d10ce0a00144b8c2d10ce0a
2026-03-11 02:33:09.007,LINUX-JUMP-01,riley.kapoor,1,sshd,"sshd",systemd,,,SHA256=0008d11ca0d591750008d11ca0d591750008d11ca0d591750008d11ca0d59175
2026-03-11 02:37:09.597,ENG-MAC-04,riley.kapoor,1,slack.exe,"slack.exe",systemd,,,SHA256=000d4169561e5954000d4169561e5954000d4169561e5954000d4169561e5954
2026-03-11 02:44:15.665,LINUX-JUMP-01,alex.chen,1,python3,"python3",systemd,,,SHA256=001cbc70cbd18cc4001cbc70cbd18cc4001cbc70cbd18cc4001cbc70cbd18cc4
2026-03-11 02:48:52.422,FIN-WS17,svc-export,1,node,"node",systemd,,,SHA256=00100519bd39c87300100519bd39c87300100519bd39c87300100519bd39c873
2026-03-11 02:55:18.184,ENG-MAC-17,morgan.sato,1,powershell.exe,"powershell.exe",systemd,,,SHA256=0003c9ee63681f6f0003c9ee63681f6f0003c9ee63681f6f0003c9ee63681f6f
2026-03-11 02:58:51.990,BLD-RUN-02,taylor.owens,1,slack.exe,"slack.exe",explorer.exe,,,SHA256=0017712b0eefccde0017712b0eefccde0017712b0eefccde0017712b0eefccde
2026-03-11 03:07:54.102,LINUX-JUMP-01,morgan.sato,1,slack.exe,"slack.exe",explorer.exe,,,SHA256=000afb74c13d3241000afb74c13d3241000afb74c13d3241000afb74c13d3241
2026-03-11 03:12:00.743,BLD-RUN-02,svc-export,1,sshd,"sshd",cmd.exe,,,SHA256=000c1ad53b409a55000c1ad53b409a55000c1ad53b409a55000c1ad53b409a55
2026-03-11 03:23:18.182,FIN-WS22,alex.chen,1,python3,"python3",systemd,,,SHA256=001f0ccdcc06a2b9001f0ccdcc06a2b9001f0ccdcc06a2b9001f0ccdcc06a2b9
2026-03-11 03:30:11.284,ENG-MAC-04,alex.chen,1,python3,"python3",explorer.exe,,,SHA256=000ce3e534fe76ce000ce3e534fe76ce000ce3e534fe76ce000ce3e534fe76ce
2026-03-11 03:34:48.784,LINUX-JUMP-01,riley.kapoor,1,git,"git",explorer.exe,,,SHA256=0020597fc3ccbc9c0020597fc3ccbc9c0020597fc3ccbc9c0020597fc3ccbc9c
2026-03-11 03:42:26.267,FIN-WS22,svc-build,1,python3,"python3",launchd,,,SHA256=0019a7a7b900489c0019a7a7b900489c0019a7a7b900489c0019a7a7b900489c
2026-03-11 03:49:06.499,FIN-WS17,svc-build,1,slack.exe,"slack.exe",explorer.exe,,,SHA256=001dd09e5432efb8001dd09e5432efb8001dd09e5432efb8001dd09e5432efb8
2026-03-11 03:52:27.323,BLD-RUN-02,riley.kapoor,1,python3,"python3",cmd.exe,,,SHA256=001a5dc888ac2edf001a5dc888ac2edf001a5dc888ac2edf001a5dc888ac2edf
2026-03-11 03:55:55.624,LINUX-JUMP-01,taylor.owens,1,chrome.exe,"chrome.exe",systemd,,,SHA256=0000b97c10da6dfb0000b97c10da6dfb0000b97c10da6dfb0000b97c10da6dfb
2026-03-11 04:06:41.420,ENG-MAC-04,alex.chen,1,chrome.exe,"chrome.exe",systemd,,,SHA256=0006315131857032000631513185703200063151318570320006315131857032
2026-03-11 04:16:52.190,FIN-WS22,jamie.patel,1,git,"git",cmd.exe,,,SHA256=0009c829c8ad9db60009c829c8ad9db60009c829c8ad9db60009c829c8ad9db6
2026-03-11 04:20:51.178,FIN-WS17,taylor.owens,1,node,"node",systemd,,,SHA256=001a72a1871a4b92001a72a1871a4b92001a72a1871a4b92001a72a1871a4b92
2026-03-11 04:30:45.387,ENG-MAC-04,jamie.patel,1,sshd,"sshd",launchd,,,SHA256=0010b4c0cefa8c2e0010b4c0cefa8c2e0010b4c0cefa8c2e0010b4c0cefa8c2e
2026-03-11 04:35:33.796,LINUX-JUMP-01,svc-build,1,slack.exe,"slack.exe",launchd,,,SHA256=00217c578257778c00217c578257778c00217c578257778c00217c578257778c
2026-03-11 04:45:12.339,BLD-RUN-02,taylor.owens,1,slack.exe,"slack.exe",launchd,,,SHA256=0014cf725d13cc630014cf725d13cc630014cf725d13cc630014cf725d13cc63
2026-03-11 04:48:21.351,ENG-MAC-17,svc-build,1,outlook.exe,"outlook.exe",systemd,,,SHA256=0003a4a0df8e5ba80003a4a0df8e5ba80003a4a0df8e5ba80003a4a0df8e5ba8
2026-03-11 04:52:49.312,LINUX-JUMP-01,svc-build,1,chrome.exe,"chrome.exe",systemd,,,SHA256=002187d2633e6e24002187d2633e6e24002187d2633e6e24002187d2633e6e24
2026-03-11 05:01:13.380,ENG-MAC-17,svc-export,1,powershell.exe,"powershell.exe",launchd,,,SHA256=000273a9374f501b000273a9374f501b000273a9374f501b000273a9374f501b
2026-03-11 05:04:35.578,FIN-WS17,svc-export,1,slack.exe,"slack.exe",explorer.exe,,,SHA256=00123c9c9735f95000123c9c9735f95000123c9c9735f95000123c9c9735f950
2026-03-11 05:08:20.761,BLD-RUN-02,alex.chen,1,sshd,"sshd",launchd,,,SHA256=0023712768316fac0023712768316fac0023712768316fac0023712768316fac
2026-03-11 05:19:49.259,BLD-RUN-02,svc-build,1,git,"git",launchd,,,SHA256=001098d40a019970001098d40a019970001098d40a019970001098d40a019970
2026-03-11 05:29:38.047,FIN-WS17,riley.kapoor,1,powershell.exe,"powershell.exe",systemd,,,SHA256=00031027009dc7dd00031027009dc7dd00031027009dc7dd00031027009dc7dd
2026-03-11 05:39:07.621,FIN-WS17,svc-export,1,outlook.exe,"outlook.exe",systemd,,,SHA256=000ea0dbdf72e574000ea0dbdf72e574000ea0dbdf72e574000ea0dbdf72e574
2026-03-11 05:46:09.516,FIN-WS22,riley.kapoor,1,slack.exe,"slack.exe",launchd,,,SHA256=000a14021421f364000a14021421f364000a14021421f364000a14021421f364
2026-03-11 05:55:47.395,FIN-WS22,svc-build,1,node,"node",launchd,,,SHA256=00222883b730efcc00222883b730efcc00222883b730efcc00222883b730efcc
2026-03-11 06:04:32.352,ENG-MAC-04,morgan.sato,1,powershell.exe,"powershell.exe",explorer.exe,,,SHA256=0009b124cc9a6acc0009b124cc9a6acc0009b124cc9a6acc0009b124cc9a6acc
2026-03-11 06:12:53.844,ENG-MAC-17,morgan.sato,1,outlook.exe,"outlook.exe",systemd,,,SHA256=0014981f99888aaa0014981f99888aaa0014981f99888aaa0014981f99888aaa
2026-03-11 06:15:48.461,ENG-MAC-17,morgan.sato,1,node,"node",systemd,,,SHA256=0009c39a23f417640009c39a23f417640009c39a23f417640009c39a23f41764
2026-03-11 06:25:30.407,LINUX-JUMP-01,riley.kapoor,1,slack.exe,"slack.exe",cmd.exe,,,SHA256=001e7d1f2fc4ec94001e7d1f2fc4ec94001e7d1f2fc4ec94001e7d1f2fc4ec94
2026-03-11 06:30:14.590,ENG-MAC-17,jamie.patel,1,slack.exe,"slack.exe",launchd,,,SHA256=0010c4307d7af46c0010c4307d7af46c0010c4307d7af46c0010c4307d7af46c
2026-03-11 06:37:13.884,BLD-RUN-02,morgan.sato,1,chrome.exe,"chrome.exe",cmd.exe,,,SHA256=00175821d422212e00175821d422212e00175821d422212e00175821d422212e
2026-03-11 06:43:08.506,FIN-WS17,alex.chen,1,slack.exe,"slack.exe",systemd,,,SHA256=00035e1cf9faca7e00035e1cf9faca7e00035e1cf9faca7e00035e1cf9faca7e
2026-03-11 06:54:23.246,LINUX-JUMP-01,riley.kapoor,1,sshd,"sshd",systemd,,,SHA256=001b99158743f248001b99158743f248001b99158743f248001b99158743f248
2026-03-11 06:58:27.144,ENG-MAC-04,svc-export,1,powershell.exe,"powershell.exe",explorer.exe,,,SHA256=0010c604cf2251400010c604cf2251400010c604cf2251400010c604cf225140
2026-03-11 07:08:03.278,LINUX-JUMP-01,jamie.patel,1,git,"git",cmd.exe,,,SHA256=0002fed78f2335240002fed78f2335240002fed78f2335240002fed78f233524
2026-03-11 07:18:40.743,ENG-MAC-17,riley.kapoor,1,outlook.exe,"outlook.exe",explorer.exe,,,SHA256=0014ecdbfa3a43490014ecdbfa3a43490014ecdbfa3a43490014ecdbfa3a4349
2026-03-11 07:28:07.404,ENG-MAC-17,svc-build,1,slack.exe,"slack.exe",cmd.exe,,,SHA256=00096ba1d677a80c00096ba1d677a80c00096ba1d677a80c00096ba1d677a80c
2026-03-11 07:37:25.117,BLD-RUN-02,svc-build,1,python3,"python3",launchd,,,SHA256=0021c6570b8d30520021c6570b8d30520021c6570b8d30520021c6570b8d3052
2026-03-11 07:48:37.131,ENG-MAC-04,svc-build,1,powershell.exe,"powershell.exe",systemd,,,SHA256=001627350870cc14001627350870cc14001627350870cc14001627350870cc14
2026-03-11 07:59:22.339,ENG-MAC-04,jamie.patel,1,sshd,"sshd",cmd.exe,,,SHA256=001c650edb6e19a0001c650edb6e19a0001c650edb6e19a0001c650edb6e19a0
2026-03-11 08:06:18.724,ENG-MAC-17,morgan.sato,1,slack.exe,"slack.exe",launchd,,,SHA256=00156383b7a4672a00156383b7a4672a00156383b7a4672a00156383b7a4672a
2026-03-11 08:15:38.235,ENG-MAC-17,morgan.sato,1,slack.exe,"slack.exe",explorer.exe,,,SHA256=0022cbc35f1724b00022cbc35f1724b00022cbc35f1724b00022cbc35f1724b0
2026-03-11 08:20:50.808,ENG-MAC-04,taylor.owens,1,sshd,"sshd",explorer.exe,,,SHA256=00217ecdb1ae9a6600217ecdb1ae9a6600217ecdb1ae9a6600217ecdb1ae9a66
2026-03-11 08:30:33.207,FIN-WS22,taylor.owens,1,sshd,"sshd",systemd,,,SHA256=0000073a85b0f0230000073a85b0f0230000073a85b0f0230000073a85b0f023
2026-03-11 08:34:19.734,FIN-WS17,riley.kapoor,1,sshd,"sshd",explorer.exe,,,SHA256=00178985db75b88d00178985db75b88d00178985db75b88d00178985db75b88d
2026-03-11 08:40:21.042,LINUX-JUMP-01,svc-export,1,node,"node",launchd,,,SHA256=00034f6b4aa056eb00034f6b4aa056eb00034f6b4aa056eb00034f6b4aa056eb
2026-03-11 08:45:32.673,BLD-RUN-02,alex.chen,1,git,"git",systemd,,,SHA256=000952693ac148e8000952693ac148e8000952693ac148e8000952693ac148e8
2026-03-11 08:50:18.468,FIN-WS17,riley.kapoor,1,chrome.exe,"chrome.exe",explorer.exe,,,SHA256=000aba805000adb6000aba805000adb6000aba805000adb6000aba805000adb6
2026-03-11 09:00:41.523,FIN-WS17,jamie.patel,1,node,"node",explorer.exe,,,SHA256=001e0b0742eee246001e0b0742eee246001e0b0742eee246001e0b0742eee246
2026-03-11 09:06:06.370,FIN-WS17,jamie.patel,1,outlook.exe,"outlook.exe",cmd.exe,,,SHA256=0020b47c748fc6980020b47c748fc6980020b47c748fc6980020b47c748fc698
2026-03-11 09:14:43.842,BLD-RUN-02,alex.chen,1,chrome.exe,"chrome.exe",explorer.exe,,,SHA256=00024522e3caca4e00024522e3caca4e00024522e3caca4e00024522e3caca4e
2026-03-11 09:22:31.681,LINUX-JUMP-01,svc-export,1,powershell.exe,"powershell.exe",systemd,,,SHA256=001ca54faed646ff001ca54faed646ff001ca54faed646ff001ca54faed646ff
2026-03-11 09:25:10.137,LINUX-JUMP-01,morgan.sato,1,node,"node",launchd,,,SHA256=00024c529210850900024c529210850900024c529210850900024c5292108509
2026-03-11 09:34:37.092,ENG-MAC-04,riley.kapoor,1,slack.exe,"slack.exe",launchd,,,SHA256=000d68429ba61bd2000d68429ba61bd2000d68429ba61bd2000d68429ba61bd2
2026-03-11 09:45:19.977,LINUX-JUMP-01,alex.chen,1,powershell.exe,"powershell.exe",systemd,,,SHA256=001e9d3bc75dc0ae001e9d3bc75dc0ae001e9d3bc75dc0ae001e9d3bc75dc0ae
2026-03-11 09:48:53.868,FIN-WS22,jamie.patel,1,slack.exe,"slack.exe",systemd,,,SHA256=000bf993bfa217ea000bf993bfa217ea000bf993bfa217ea000bf993bfa217ea
2026-03-11 09:56:52.514,FIN-WS22,riley.kapoor,1,outlook.exe,"outlook.exe",cmd.exe,,,SHA256=001c6af8078249af001c6af8078249af001c6af8078249af001c6af8078249af
2026-03-11 10:05:11.156,ENG-MAC-04,jamie.patel,1,outlook.exe,"outlook.exe",explorer.exe,,,SHA256=000f0220340008b5000f0220340008b5000f0220340008b5000f0220340008b5
2026-03-11 10:10:30.113,FIN-WS17,morgan.sato,1,slack.exe,"slack.exe",systemd,,,SHA256=0001504ebb6df3020001504ebb6df3020001504ebb6df3020001504ebb6df302
2026-03-11 10:18:03.311,ENG-MAC-17,taylor.owens,1,python3,"python3",explorer.exe,,,SHA256=0019bcc93324cd270019bcc93324cd270019bcc93324cd270019bcc93324cd27
2026-03-11 10:25:36.948,ENG-MAC-17,morgan.sato,1,outlook.exe,"outlook.exe",cmd.exe,,,SHA256=000797547eaa9eb3000797547eaa9eb3000797547eaa9eb3000797547eaa9eb3
2026-03-11 10:34:54.899,ENG-MAC-04,svc-export,1,python3,"python3",systemd,,,SHA256=000d5b7117a23ae2000d5b7117a23ae2000d5b7117a23ae2000d5b7117a23ae2
2026-03-11 10:43:47.505,ENG-MAC-04,svc-build,1,git,"git",cmd.exe,,,SHA256=001a145e2687d2a9001a145e2687d2a9001a145e2687d2a9001a145e2687d2a9
2026-03-11 10:51:11.133,BLD-RUN-02,alex.chen,1,chrome.exe,"chrome.exe",explorer.exe,,,SHA256=00174684391adda800174684391adda800174684391adda800174684391adda8
2026-03-11 10:56:43.086,FIN-WS17,svc-export,1,git,"git",systemd,,,SHA256=000baa85e41585b7000baa85e41585b7000baa85e41585b7000baa85e41585b7
2026-03-11 10:59:59.651,ENG-MAC-17,svc-build,1,sshd,"sshd",explorer.exe,,,SHA256=001c6fc0632cdd00001c6fc0632cdd00001c6fc0632cdd00001c6fc0632cdd00
2026-03-11 11:08:27.524,BLD-RUN-02,jamie.patel,1,slack.exe,"slack.exe",systemd,,,SHA256=001d1e6040f010e5001d1e6040f010e5001d1e6040f010e5001d1e6040f010e5
2026-03-11 11:12:17.661,FIN-WS22,riley.kapoor,1,node,"node",explorer.exe,,,SHA256=00030057284e942500030057284e942500030057284e942500030057284e9425
2026-03-11 11:16:36.449,ENG-MAC-04,alex.chen,1,sshd,"sshd",explorer.exe,,,SHA256=000977c2f54570fe000977c2f54570fe000977c2f54570fe000977c2f54570fe
2026-03-11 11:20:16.600,FIN-WS22,jamie.patel,1,sshd,"sshd",explorer.exe,,,SHA256=00218845a324a83600218845a324a83600218845a324a83600218845a324a836
2026-03-11 11:25:07.562,FIN-WS17,jamie.patel,1,sshd,"sshd",explorer.exe,,,SHA256=00201d38c812445c00201d38c812445c00201d38c812445c00201d38c812445c
2026-03-11 11:32:24.569,BLD-RUN-02,riley.kapoor,1,powershell.exe,"powershell.exe",cmd.exe,,,SHA256=00077ee556c1a89b00077ee556c1a89b00077ee556c1a89b00077ee556c1a89b
2026-03-11 11:35:22.495,FIN-WS17,svc-export,1,slack.exe,"slack.exe",explorer.exe,,,SHA256=0013a97f648c30f20013a97f648c30f20013a97f648c30f20013a97f648c30f2
2026-03-11 11:40:24.963,FIN-WS22,alex.chen,1,node,"node",cmd.exe,,,SHA256=001a7f141f1c85b4001a7f141f1c85b4001a7f141f1c85b4001a7f141f1c85b4
2026-03-11 11:47:03.989,ENG-MAC-04,jamie.patel,1,git,"git",cmd.exe,,,SHA256=000f19c49bdf9e98000f19c49bdf9e98000f19c49bdf9e98000f19c49bdf9e98
2026-03-11 11:54:57.802,LINUX-JUMP-01,svc-build,1,chrome.exe,"chrome.exe",systemd,,,SHA256=00007b1491af69c600007b1491af69c600007b1491af69c600007b1491af69c6
2026-03-11 12:04:35.204,BLD-RUN-02,svc-export,1,node,"node",explorer.exe,,,SHA256=0011265e1598f19d0011265e1598f19d0011265e1598f19d0011265e1598f19d
2026-03-11 12:09:48.421,FIN-WS17,alex.chen,1,python3,"python3",explorer.exe,,,SHA256=000e695b3478c029000e695b3478c029000e695b3478c029000e695b3478c029
2026-03-11 12:12:21.132,BLD-RUN-02,alex.chen,1,python3,"python3",systemd,,,SHA256=001c3ff59170b189001c3ff59170b189001c3ff59170b189001c3ff59170b189
2026-03-11 12:21:36.285,BLD-RUN-02,taylor.owens,1,slack.exe,"slack.exe",systemd,,,SHA256=000c77c802b276ad000c77c802b276ad000c77c802b276ad000c77c802b276ad
2026-03-11 12:26:35.201,LINUX-JUMP-01,svc-export,1,git,"git",launchd,,,SHA256=0013514eafc748320013514eafc748320013514eafc748320013514eafc74832
2026-03-11 12:36:34.840,ENG-MAC-04,alex.chen,1,chrome.exe,"chrome.exe",systemd,,,SHA256=00123d8f100ec54c00123d8f100ec54c00123d8f100ec54c00123d8f100ec54c
2026-03-11 12:47:07.279,LINUX-JUMP-01,svc-build,1,slack.exe,"slack.exe",systemd,,,SHA256=0015a8c9ee9b45010015a8c9ee9b45010015a8c9ee9b45010015a8c9ee9b4501
2026-03-11 12:55:41.406,FIN-WS22,svc-build,1,python3,"python3",systemd,,,SHA256=00162beff5bf081500162beff5bf081500162beff5bf081500162beff5bf0815
2026-03-11 13:05:32.406,ENG-MAC-04,riley.kapoor,1,git,"git",launchd,,,SHA256=0020665098665084002066509866508400206650986650840020665098665084
2026-03-11 13:16:54.278,LINUX-JUMP-01,alex.chen,1,outlook.exe,"outlook.exe",cmd.exe,,,SHA256=001a6794e71f7756001a6794e71f7756001a6794e71f7756001a6794e71f7756
2026-03-11 13:23:12.730,BLD-RUN-02,svc-export,1,chrome.exe,"chrome.exe",systemd,,,SHA256=0020a22b6a0e3c340020a22b6a0e3c340020a22b6a0e3c340020a22b6a0e3c34
2026-03-11 13:27:42.290,ENG-MAC-04,morgan.sato,1,sshd,"sshd",launchd,,,SHA256=0000044bbcfdca0a0000044bbcfdca0a0000044bbcfdca0a0000044bbcfdca0a
2026-03-11 13:32:28.217,ENG-MAC-04,taylor.owens,1,outlook.exe,"outlook.exe",explorer.exe,,,SHA256=00000fa513fbda8a00000fa513fbda8a00000fa513fbda8a00000fa513fbda8a
2026-03-11 13:43:50.264,LINUX-JUMP-01,jamie.patel,1,powershell.exe,"powershell.exe",cmd.exe,,,SHA256=0003dfc9feef0e840003dfc9feef0e840003dfc9feef0e840003dfc9feef0e84
2026-03-11 13:53:24.862,LINUX-JUMP-01,morgan.sato,1,powershell.exe,"powershell.exe",launchd,,,SHA256=0013e9c4f4df8b400013e9c4f4df8b400013e9c4f4df8b400013e9c4f4df8b40
2026-03-11 13:58:51.842,LINUX-JUMP-01,morgan.sato,1,sshd,"sshd",explorer.exe,,,SHA256=000728066344455b000728066344455b000728066344455b000728066344455b
2026-03-11 14:06:32.222,FIN-WS17,morgan.sato,1,chrome.exe,"chrome.exe",cmd.exe,,,SHA256=0002e4119ccaa7e30002e4119ccaa7e30002e4119ccaa7e30002e4119ccaa7e3
2026-03-11 14:16:59.368,FIN-WS17,svc-build,1,slack.exe,"slack.exe",explorer.exe,,,SHA256=001bd2ca627c8a98001bd2ca627c8a98001bd2ca627c8a98001bd2ca627c8a98
2026-03-11 14:21:35.241,LINUX-JUMP-01,alex.chen,1,python3,"python3",launchd,,,SHA256=0013decd98df3ca10013decd98df3ca10013decd98df3ca10013decd98df3ca1
2026-03-11 14:24:08.585,LINUX-JUMP-01,svc-export,1,outlook.exe,"outlook.exe",launchd,,,SHA256=001e41a83f61d91d001e41a83f61d91d001e41a83f61d91d001e41a83f61d91d
2026-03-11 14:27:48.450,LINUX-JUMP-01,taylor.owens,1,powershell.exe,"powershell.exe",systemd,,,SHA256=0021ca342348b94e0021ca342348b94e0021ca342348b94e0021ca342348b94e
2026-03-11 14:33:14.046,BLD-RUN-02,morgan.sato,1,chrome.exe,"chrome.exe",cmd.exe,,,SHA256=0010f1c2ba09b4560010f1c2ba09b4560010f1c2ba09b4560010f1c2ba09b456
2026-03-11 14:42:53.752,ENG-MAC-17,svc-build,1,python3,"python3",explorer.exe,,,SHA256=0014b4aeffde86b90014b4aeffde86b90014b4aeffde86b90014b4aeffde86b9
2026-03-11 14:48:59.267,ENG-MAC-17,taylor.owens,1,powershell.exe,"powershell.exe",cmd.exe,,,SHA256=000de6ad150e4425000de6ad150e4425000de6ad150e4425000de6ad150e4425
2026-03-11 14:54:46.137,LINUX-JUMP-01,riley.kapoor,1,chrome.exe,"chrome.exe",systemd,,,SHA256=001844e783d8ac30001844e783d8ac30001844e783d8ac30001844e783d8ac30
2026-03-11 15:00:43.765,FIN-WS22,svc-build,1,powershell.exe,"powershell.exe",systemd,,,SHA256=000da6df0dceaf09000da6df0dceaf09000da6df0dceaf09000da6df0dceaf09
2026-03-11 15:08:24.768,BLD-RUN-02,taylor.owens,1,slack.exe,"slack.exe",explorer.exe,,,SHA256=001080d750b7f150001080d750b7f150001080d750b7f150001080d750b7f150
2026-03-11 15:18:57.258,ENG-MAC-04,jamie.patel,1,slack.exe,"slack.exe",systemd,,,SHA256=00138fd9e3f7be9000138fd9e3f7be9000138fd9e3f7be9000138fd9e3f7be90
2026-03-11 15:22:50.046,ENG-MAC-17,morgan.sato,1,outlook.exe,"outlook.exe",explorer.exe,,,SHA256=000f13e0e2832811000f13e0e2832811000f13e0e2832811000f13e0e2832811
2026-03-11 15:29:29.420,LINUX-JUMP-01,jamie.patel,1,outlook.exe,"outlook.exe",systemd,,,SHA256=00186b523abd19fe00186b523abd19fe00186b523abd19fe00186b523abd19fe
2026-03-11 15:37:20.350,BLD-RUN-02,taylor.owens,1,node,"node",launchd,,,SHA256=001bfa07c3928b10001bfa07c3928b10001bfa07c3928b10001bfa07c3928b10
2026-03-11 15:42:31.723,BLD-RUN-02,morgan.sato,1,chrome.exe,"chrome.exe",systemd,,,SHA256=000dc1104862a33d000dc1104862a33d000dc1104862a33d000dc1104862a33d
2026-03-11 15:51:05.295,FIN-WS22,taylor.owens,1,powershell.exe,"powershell.exe",launchd,,,SHA256=00094e363fe35c1d00094e363fe35c1d00094e363fe35c1d00094e363fe35c1d
2026-03-11 15:55:46.012,LINUX-JUMP-01,alex.chen,1,powershell.exe,"powershell.exe",explorer.exe,,,SHA256=0016350f8523c2060016350f8523c2060016350f8523c2060016350f8523c206
2026-03-11 16:00:05.471,LINUX-JUMP-01,morgan.sato,1,outlook.exe,"outlook.exe",explorer.exe,,,SHA256=0012db3b0dde2f070012db3b0dde2f070012db3b0dde2f070012db3b0dde2f07
2026-03-11 16:03:22.578,FIN-WS17,taylor.owens,1,outlook.exe,"outlook.exe",systemd,,,SHA256=001f7282982fa94f001f7282982fa94f001f7282982fa94f001f7282982fa94f
2026-03-11 16:13:31.735,ENG-MAC-04,svc-export,1,node,"node",cmd.exe,,,SHA256=0005581063d48ca50005581063d48ca50005581063d48ca50005581063d48ca5
2026-03-11 16:22:28.635,BLD-RUN-02,jamie.patel,1,git,"git",systemd,,,SHA256=0004675ef9efe2f60004675ef9efe2f60004675ef9efe2f60004675ef9efe2f6
2026-03-11 16:25:30.286,LINUX-JUMP-01,riley.kapoor,1,python3,"python3",explorer.exe,,,SHA256=001ba8a993d1da27001ba8a993d1da27001ba8a993d1da27001ba8a993d1da27
2026-03-11 16:34:16.229,BLD-RUN-02,morgan.sato,1,python3,"python3",launchd,,,SHA256=000430580134adad000430580134adad000430580134adad000430580134adad
2026-03-11 16:40:02.846,FIN-WS17,jamie.patel,1,slack.exe,"slack.exe",cmd.exe,,,SHA256=002010cbef1bb09e002010cbef1bb09e002010cbef1bb09e002010cbef1bb09e
2026-03-11 16:44:56.715,BLD-RUN-02,taylor.owens,1,slack.exe,"slack.exe",systemd,,,SHA256=00233867bf09f92800233867bf09f92800233867bf09f92800233867bf09f928
2026-03-11 16:53:24.414,BLD-RUN-02,jamie.patel,1,sshd,"sshd",explorer.exe,,,SHA256=001175a942de10c7001175a942de10c7001175a942de10c7001175a942de10c7
2026-03-11 17:03:57.087,FIN-WS22,taylor.owens,1,node,"node",systemd,,,SHA256=00228996437e0c8400228996437e0c8400228996437e0c8400228996437e0c84
2026-03-11 17:08:24.172,FIN-WS22,alex.chen,1,powershell.exe,"powershell.exe",explorer.exe,,,SHA256=000896cd65481f1e000896cd65481f1e000896cd65481f1e000896cd65481f1e
2026-03-11 17:18:11.551,BLD-RUN-02,svc-build,1,python3,"python3",systemd,,,SHA256=0017db0f448722f90017db0f448722f90017db0f448722f90017db0f448722f9
2026-03-11 17:24:48.266,FIN-WS22,riley.kapoor,1,sshd,"sshd",systemd,,,SHA256=000c1a9011235421000c1a9011235421000c1a9011235421000c1a9011235421
2026-03-11 17:29:09.872,LINUX-JUMP-01,taylor.owens,1,chrome.exe,"chrome.exe",systemd,,,SHA256=000f76f57f198ac2000f76f57f198ac2000f76f57f198ac2000f76f57f198ac2
2026-03-11 17:39:26.285,ENG-MAC-17,riley.kapoor,1,python3,"python3",cmd.exe,,,SHA256=002097219a9c4ce4002097219a9c4ce4002097219a9c4ce4002097219a9c4ce4
2026-03-11 17:42:02.133,BLD-RUN-02,svc-build,1,outlook.exe,"outlook.exe",explorer.exe,,,SHA256=00140602f145124b00140602f145124b00140602f145124b00140602f145124b
2026-03-11 17:48:56.404,LINUX-JUMP-01,svc-export,1,powershell.exe,"powershell.exe",systemd,,,SHA256=00157957055ea7d400157957055ea7d400157957055ea7d400157957055ea7d4
2026-03-11 17:55:07.693,FIN-WS17,morgan.sato,1,powershell.exe,"powershell.exe",cmd.exe,,,SHA256=000fcf7f8b92cf9b000fcf7f8b92cf9b000fcf7f8b92cf9b000fcf7f8b92cf9b
2026-03-11 18:05:47.281,LINUX-JUMP-01,taylor.owens,1,powershell.exe,"powershell.exe",systemd,,,SHA256=001f58816d6099ce001f58816d6099ce001f58816d6099ce001f58816d6099ce
2026-03-11 18:13:14.232,BLD-RUN-02,jamie.patel,1,chrome.exe,"chrome.exe",launchd,,,SHA256=0020156811d48e040020156811d48e040020156811d48e040020156811d48e04
2026-03-11 18:21:27.917,BLD-RUN-02,riley.kapoor,1,python3,"python3",explorer.exe,,,SHA256=0004819ed59327610004819ed59327610004819ed59327610004819ed5932761
2026-03-11 18:24:40.909,ENG-MAC-04,svc-build,1,slack.exe,"slack.exe",systemd,,,SHA256=000ab51962f96e06000ab51962f96e06000ab51962f96e06000ab51962f96e06
2026-03-11 18:30:19.804,LINUX-JUMP-01,alex.chen,1,slack.exe,"slack.exe",systemd,,,SHA256=0012f4de12032e620012f4de12032e620012f4de12032e620012f4de12032e62
2026-03-11 18:36:57.782,FIN-WS17,svc-build,1,slack.exe,"slack.exe",systemd,,,SHA256=0007443de544838a0007443de544838a0007443de544838a0007443de544838a
2026-03-11 18:42:58.844,FIN-WS17,svc-build,1,slack.exe,"slack.exe",explorer.exe,,,SHA256=000c0fdfdb74abb1000c0fdfdb74abb1000c0fdfdb74abb1000c0fdfdb74abb1
2026-03-11 18:47:21.770,BLD-RUN-02,taylor.owens,1,node,"node",systemd,,,SHA256=0016c95fb90e7e3f0016c95fb90e7e3f0016c95fb90e7e3f0016c95fb90e7e3f
2026-03-11 18:53:37.603,ENG-MAC-17,svc-export,1,node,"node",explorer.exe,,,SHA256=000085e428a9e948000085e428a9e948000085e428a9e948000085e428a9e948
2026-03-11 19:00:47.538,LINUX-JUMP-01,riley.kapoor,1,outlook.exe,"outlook.exe",systemd,,,SHA256=00098464378ea84e00098464378ea84e00098464378ea84e00098464378ea84e
2026-03-11 19:05:11.623,BLD-RUN-02,riley.kapoor,1,slack.exe,"slack.exe",cmd.exe,,,SHA256=000c46834205808b000c46834205808b000c46834205808b000c46834205808b
2026-03-11 19:15:39.849,ENG-MAC-04,riley.kapoor,1,slack.exe,"slack.exe",launchd,,,SHA256=0022adcae307c7440022adcae307c7440022adcae307c7440022adcae307c744
2026-03-11 19:26:36.626,ENG-MAC-17,taylor.owens,1,node,"node",cmd.exe,,,SHA256=0014a5b7b8c45cce0014a5b7b8c45cce0014a5b7b8c45cce0014a5b7b8c45cce
2026-03-11 19:35:32.017,ENG-MAC-17,jamie.patel,1,python3,"python3",explorer.exe,,,SHA256=001a861f8d95ab40001a861f8d95ab40001a861f8d95ab40001a861f8d95ab40
2026-03-11 19:41:56.567,FIN-WS22,riley.kapoor,1,outlook.exe,"outlook.exe",cmd.exe,,,SHA256=000256fed8382a20000256fed8382a20000256fed8382a20000256fed8382a20
2026-03-11 19:44:43.242,FIN-WS22,morgan.sato,1,outlook.exe,"outlook.exe",explorer.exe,,,SHA256=001c14926d72785b001c14926d72785b001c14926d72785b001c14926d72785b
2026-03-11 19:49:45.633,LINUX-JUMP-01,morgan.sato,1,git,"git",systemd,,,SHA256=0000fe70b513dc610000fe70b513dc610000fe70b513dc610000fe70b513dc61
2026-03-11 19:59:05.720,FIN-WS22,riley.kapoor,1,powershell.exe,"powershell.exe",systemd,,,SHA256=0009e5344e85f6560009e5344e85f6560009e5344e85f6560009e5344e85f656
2026-03-11 20:08:20.378,FIN-WS17,morgan.sato,1,git,"git",launchd,,,SHA256=000fee88bb4a3a82000fee88bb4a3a82000fee88bb4a3a82000fee88bb4a3a82
2026-03-11 20:12:40.557,FIN-WS17,svc-export,1,python3,"python3",cmd.exe,,,SHA256=00074686a131728800074686a131728800074686a131728800074686a1317288
2026-03-11 20:23:01.354,ENG-MAC-17,svc-build,1,outlook.exe,"outlook.exe",systemd,,,SHA256=00066563e3bb9a1700066563e3bb9a1700066563e3bb9a1700066563e3bb9a17
2026-03-11 20:31:39.633,FIN-WS22,svc-export,1,chrome.exe,"chrome.exe",cmd.exe,,,SHA256=00065fcf2b95000800065fcf2b95000800065fcf2b95000800065fcf2b950008
2026-03-11 20:36:16.685,ENG-MAC-17,taylor.owens,1,git,"git",cmd.exe,,,SHA256=001a4662d8d83726001a4662d8d83726001a4662d8d83726001a4662d8d83726
2026-03-11 20:42:58.684,FIN-WS22,morgan.sato,1,node,"node",explorer.exe,,,SHA256=00071ddff797221800071ddff797221800071ddff797221800071ddff7972218
2026-03-11 20:47:43.168,FIN-WS17,jamie.patel,1,slack.exe,"slack.exe",explorer.exe,,,SHA256=000fcd98d0bed42a000fcd98d0bed42a000fcd98d0bed42a000fcd98d0bed42a
2026-03-11 20:54:25.014,BLD-RUN-02,riley.kapoor,1,slack.exe,"slack.exe",systemd,,,SHA256=0018d1c268952cd50018d1c268952cd50018d1c268952cd50018d1c268952cd5
2026-03-11 21:05:33.623,FIN-WS17,jamie.patel,1,sshd,"sshd",launchd,,,SHA256=001d0f51c6b28e67001d0f51c6b28e67001d0f51c6b28e67001d0f51c6b28e67
2026-03-11 21:10:51.343,ENG-MAC-17,morgan.sato,1,chrome.exe,"chrome.exe",explorer.exe,,,SHA256=000e681f9e18e81c000e681f9e18e81c000e681f9e18e81c000e681f9e18e81c
2026-03-11 21:19:42.317,FIN-WS17,jamie.patel,1,powershell.exe,"powershell.exe",explorer.exe,,,SHA256=000f3134d5441274000f3134d5441274000f3134d5441274000f3134d5441274
2026-03-11 21:29:05.457,FIN-WS17,jamie.patel,1,outlook.exe,"outlook.exe",cmd.exe,,,SHA256=001dc082d2a940bd001dc082d2a940bd001dc082d2a940bd001dc082d2a940bd
2026-03-11 21:32:53.432,FIN-WS22,jamie.patel,1,python3,"python3",cmd.exe,,,SHA256=001500ab726b9d04001500ab726b9d04001500ab726b9d04001500ab726b9d04
2026-03-11 21:41:13.416,ENG-MAC-17,alex.chen,1,chrome.exe,"chrome.exe",cmd.exe,,,SHA256=000fd8afa82213e4000fd8afa82213e4000fd8afa82213e4000fd8afa82213e4
2026-03-11 21:48:00.653,BLD-RUN-02,riley.kapoor,1,git,"git",launchd,,,SHA256=0015a570665273f60015a570665273f60015a570665273f60015a570665273f6
2026-03-11 21:56:32.237,ENG-MAC-17,taylor.owens,1,outlook.exe,"outlook.exe",launchd,,,SHA256=0019f0f1f55660c60019f0f1f55660c60019f0f1f55660c60019f0f1f55660c6
2026-03-11 22:06:59.096,LINUX-JUMP-01,taylor.owens,1,git,"git",systemd,,,SHA256=001026c767a2c39f001026c767a2c39f001026c767a2c39f001026c767a2c39f
2026-03-11 22:17:16.058,FIN-WS17,alex.chen,1,powershell.exe,"powershell.exe",launchd,,,SHA256=001e707930026c8a001e707930026c8a001e707930026c8a001e707930026c8a
2026-03-11 22:24:13.910,FIN-WS17,jamie.patel,1,powershell.exe,"powershell.exe",systemd,,,SHA256=000312243b480c54000312243b480c54000312243b480c54000312243b480c54
2026-03-11 22:31:37.942,LINUX-JUMP-01,jamie.patel,1,slack.exe,"slack.exe",launchd,,,SHA256=0014dd46ef6ea47a0014dd46ef6ea47a0014dd46ef6ea47a0014dd46ef6ea47a
2026-03-11 22:38:03.008,ENG-MAC-17,svc-export,1,sshd,"sshd",cmd.exe,,,SHA256=001ce2ebcd8a8c3e001ce2ebcd8a8c3e001ce2ebcd8a8c3e001ce2ebcd8a8c3e
2026-03-11 22:48:57.592,LINUX-JUMP-01,svc-export,1,sshd,"sshd",explorer.exe,,,SHA256=0013c59917b54a690013c59917b54a690013c59917b54a690013c59917b54a69
2026-03-11 22:57:54.518,ENG-MAC-04,svc-export,1,git,"git",explorer.exe,,,SHA256=000d4b7439d25159000d4b7439d25159000d4b7439d25159000d4b7439d25159
2026-03-11 23:08:43.376,FIN-WS22,morgan.sato,1,powershell.exe,"powershell.exe",systemd,,,SHA256=000726dfa6d83765000726dfa6d83765000726dfa6d83765000726dfa6d83765
2026-03-11 23:11:52.669,ENG-MAC-17,jamie.patel,1,node,"node",launchd,,,SHA256=00179cb71ba9dfcc00179cb71ba9dfcc00179cb71ba9dfcc00179cb71ba9dfcc
2026-03-11 23:19:45.183,ENG-MAC-17,alex.chen,1,slack.exe,"slack.exe",cmd.exe,,,SHA256=001f70abc70b409f001f70abc70b409f001f70abc70b409f001f70abc70b409f
2026-03-11 23:31:08.936,FIN-WS17,riley.kapoor,1,chrome.exe,"chrome.exe",cmd.exe,,,SHA256=0009a5639b19986e0009a5639b19986e0009a5639b19986e0009a5639b19986e
2026-03-11 23:37:52.757,BLD-RUN-02,svc-build,1,chrome.exe,"chrome.exe",explorer.exe,,,SHA256=00008aeccaf20a9900008aeccaf20a9900008aeccaf20a9900008aeccaf20a99
2026-03-11 23:44:48.418,ENG-MAC-04,svc-export,1,python3,"python3",launchd,,,SHA256=0008c7c2b49d4b960008c7c2b49d4b960008c7c2b49d4b960008c7c2b49d4b96
2026-03-11 23:52:42.294,ENG-MAC-04,taylor.owens,1,chrome.exe,"chrome.exe",systemd,,,SHA256=00073088eb26569100073088eb26569100073088eb26569100073088eb265691
2026-03-11 23:59:44.526,LINUX-JUMP-01,svc-export,1,node,"node",explorer.exe,,,SHA256=001c05509572a425001c05509572a425001c05509572a425001c05509572a425
2026-03-12 00:11:12.183,LINUX-JUMP-01,jamie.patel,1,powershell.exe,"powershell.exe",explorer.exe,,,SHA256=001ac5215653162c001ac5215653162c001ac5215653162c001ac5215653162c
2026-03-12 00:20:48.195,ENG-MAC-04,alex.chen,1,git,"git",systemd,,,SHA256=001a8cdd589156d1001a8cdd589156d1001a8cdd589156d1001a8cdd589156d1
2026-03-12 00:32:16.927,LINUX-JUMP-01,morgan.sato,1,sshd,"sshd",systemd,,,SHA256=0001d652621dd1650001d652621dd1650001d652621dd1650001d652621dd165
2026-03-12 00:42:00.955,ENG-MAC-04,riley.kapoor,1,git,"git",cmd.exe,,,SHA256=0004e666cf8241b20004e666cf8241b20004e666cf8241b20004e666cf8241b2
2026-03-12 00:49:26.389,ENG-MAC-17,svc-export,1,sshd,"sshd",explorer.exe,,,SHA256=0015d97320232ab70015d97320232ab70015d97320232ab70015d97320232ab7
2026-03-12 01:00:54.327,FIN-WS17,taylor.owens,1,git,"git",cmd.exe,,,SHA256=00028feaffb4e81000028feaffb4e81000028feaffb4e81000028feaffb4e810
2026-03-12 01:08:05.635,LINUX-JUMP-01,jamie.patel,1,node,"node",systemd,,,SHA256=001f6100b8338d88001f6100b8338d88001f6100b8338d88001f6100b8338d88
2026-03-12 01:13:41.121,BLD-RUN-02,svc-build,1,outlook.exe,"outlook.exe",systemd,,,SHA256=001be9de3768f66e001be9de3768f66e001be9de3768f66e001be9de3768f66e
2026-03-12 01:21:08.775,BLD-RUN-02,svc-build,1,powershell.exe,"powershell.exe",explorer.exe,,,SHA256=00010a64da9752d600010a64da9752d600010a64da9752d600010a64da9752d6
2026-03-12 01:25:17.355,FIN-WS17,alex.chen,1,chrome.exe,"chrome.exe",launchd,,,SHA256=0018419118b3bad10018419118b3bad10018419118b3bad10018419118b3bad1
2026-03-12 01:27:48.323,ENG-MAC-04,alex.chen,1,chrome.exe,"chrome.exe",systemd,,,SHA256=000c22bce367e827000c22bce367e827000c22bce367e827000c22bce367e827
2026-03-12 01:35:56.624,FIN-WS22,alex.chen,1,powershell.exe,"powershell.exe",explorer.exe,,,SHA256=0014308204dabd540014308204dabd540014308204dabd540014308204dabd54
2026-03-12 01:38:39.727,BLD-RUN-02,svc-build,1,slack.exe,"slack.exe",cmd.exe,,,SHA256=0022a189d1c4c4ae0022a189d1c4c4ae0022a189d1c4c4ae0022a189d1c4c4ae
2026-03-12 01:42:11.889,FIN-WS17,morgan.sato,1,powershell.exe,"powershell.exe",launchd,,,SHA256=00117338825be4f000117338825be4f000117338825be4f000117338825be4f0
2026-03-12 01:52:28.836,ENG-MAC-17,jamie.patel,1,slack.exe,"slack.exe",cmd.exe,,,SHA256=000419b5dbf238b7000419b5dbf238b7000419b5dbf238b7000419b5dbf238b7
2026-03-12 02:03:02.759,LINUX-JUMP-01,riley.kapoor,1,chrome.exe,"chrome.exe",systemd,,,SHA256=001ee2c04e03d486001ee2c04e03d486001ee2c04e03d486001ee2c04e03d486
2026-03-12 02:13:08.214,FIN-WS17,svc-export,1,chrome.exe,"chrome.exe",cmd.exe,,,SHA256=001e8a436aca6360001e8a436aca6360001e8a436aca6360001e8a436aca6360
2026-03-12 02:19:59.493,ENG-MAC-17,alex.chen,1,sshd,"sshd",cmd.exe,,,SHA256=001d199818106c30001d199818106c30001d199818106c30001d199818106c30
2026-03-12 02:28:36.314,BLD-RUN-02,svc-build,1,git,"git",systemd,,,SHA256=000c6a8ee6c8da70000c6a8ee6c8da70000c6a8ee6c8da70000c6a8ee6c8da70
2026-03-12 02:34:38.042,LINUX-JUMP-01,morgan.sato,1,git,"git",launchd,,,SHA256=001e8fe6a6db9ac8001e8fe6a6db9ac8001e8fe6a6db9ac8001e8fe6a6db9ac8
2026-03-12 02:37:51.663,ENG-MAC-17,morgan.sato,1,node,"node",explorer.exe,,,SHA256=002249a91e64d098002249a91e64d098002249a91e64d098002249a91e64d098
2026-03-12 02:46:33.603,ENG-MAC-04,svc-export,1,git,"git",launchd,,,SHA256=000ee66c48a9ebb7000ee66c48a9ebb7000ee66c48a9ebb7000ee66c48a9ebb7
2026-03-12 02:56:02.338,FIN-WS17,svc-export,1,python3,"python3",cmd.exe,,,SHA256=00160064dd8bc5cd00160064dd8bc5cd00160064dd8bc5cd00160064dd8bc5cd
2026-03-12 03:00:03.267,FIN-WS22,alex.chen,1,sshd,"sshd",explorer.exe,,,SHA256=001c8453d53c7d01001c8453d53c7d01001c8453d53c7d01001c8453d53c7d01
2026-03-12 03:06:09.119,BLD-RUN-02,svc-build,1,git,"git",explorer.exe,,,SHA256=00100a2446100e0200100a2446100e0200100a2446100e0200100a2446100e02
2026-03-12 03:10:21.472,FIN-WS22,taylor.owens,1,node,"node",cmd.exe,,,SHA256=0013e708a19e49900013e708a19e49900013e708a19e49900013e708a19e4990
2026-03-12 03:21:08.855,FIN-WS22,svc-export,1,sshd,"sshd",explorer.exe,,,SHA256=0010a1c9658aba0c0010a1c9658aba0c0010a1c9658aba0c0010a1c9658aba0c
2026-03-12 03:27:55.096,FIN-WS22,svc-build,1,node,"node",cmd.exe,,,SHA256=000eb55c7d32f3bf000eb55c7d32f3bf000eb55c7d32f3bf000eb55c7d32f3bf
2026-03-12 03:35:02.685,ENG-MAC-17,riley.kapoor,1,node,"node",explorer.exe,,,SHA256=0020e86ca58faed00020e86ca58faed00020e86ca58faed00020e86ca58faed0
2026-03-12 03:41:18.153,FIN-WS17,taylor.owens,1,sshd,"sshd",systemd,,,SHA256=000615e0239a7c28000615e0239a7c28000615e0239a7c28000615e0239a7c28
2026-03-12 03:44:21.884,FIN-WS17,svc-build,1,node,"node",cmd.exe,,,SHA256=001201a685a7f6b1001201a685a7f6b1001201a685a7f6b1001201a685a7f6b1
2026-03-12 03:53:09.177,LINUX-JUMP-01,alex.chen,1,chrome.exe,"chrome.exe",launchd,,,SHA256=000a7a76438b90b1000a7a76438b90b1000a7a76438b90b1000a7a76438b90b1
2026-03-12 04:02:02.244,FIN-WS17,taylor.owens,1,chrome.exe,"chrome.exe",cmd.exe,,,SHA256=0014700286089938001470028608993800147002860899380014700286089938
2026-03-12 04:06:47.506,FIN-WS17,morgan.sato,1,powershell.exe,"powershell.exe",cmd.exe,,,SHA256=0001e302abe15fd30001e302abe15fd30001e302abe15fd30001e302abe15fd3
2026-03-12 04:10:26.002,LINUX-JUMP-01,jamie.patel,1,chrome.exe,"chrome.exe",launchd,,,SHA256=0002b040dc1385040002b040dc1385040002b040dc1385040002b040dc138504
2026-03-12 04:20:47.799,ENG-MAC-04,riley.kapoor,1,powershell.exe,"powershell.exe",explorer.exe,,,SHA256=000ee9fac81a1c2d000ee9fac81a1c2d000ee9fac81a1c2d000ee9fac81a1c2d
2026-03-12 04:27:08.465,BLD-RUN-02,svc-build,1,python3,"python3",systemd,,,SHA256=001e66ee6d0357f3001e66ee6d0357f3001e66ee6d0357f3001e66ee6d0357f3
2026-03-12 04:30:05.247,FIN-WS17,morgan.sato,1,python3,"python3",launchd,,,SHA256=00054468765f9c4800054468765f9c4800054468765f9c4800054468765f9c48
2026-03-12 04:40:34.615,ENG-MAC-04,svc-export,1,outlook.exe,"outlook.exe",launchd,,,SHA256=0010aade61a811900010aade61a811900010aade61a811900010aade61a81190
2026-03-12 04:49:47.071,FIN-WS22,jamie.patel,1,python3,"python3",cmd.exe,,,SHA256=00187c3ea67ec2aa00187c3ea67ec2aa00187c3ea67ec2aa00187c3ea67ec2aa
2026-03-12 05:00:29.081,FIN-WS17,alex.chen,1,slack.exe,"slack.exe",cmd.exe,,,SHA256=001abb19857dfbbf001abb19857dfbbf001abb19857dfbbf001abb19857dfbbf
2026-03-12 05:05:19.011,FIN-WS17,morgan.sato,1,python3,"python3",explorer.exe,,,SHA256=001f1a7685bf9a1f001f1a7685bf9a1f001f1a7685bf9a1f001f1a7685bf9a1f
2026-03-12 05:15:51.005,FIN-WS22,svc-build,1,powershell.exe,"powershell.exe",systemd,,,SHA256=0019afc20e1c55a50019afc20e1c55a50019afc20e1c55a50019afc20e1c55a5
2026-03-12 05:21:58.638,ENG-MAC-04,svc-build,1,outlook.exe,"outlook.exe",explorer.exe,,,SHA256=001360252e265245001360252e265245001360252e265245001360252e265245
2026-03-12 05:32:43.458,LINUX-JUMP-01,jamie.patel,1,powershell.exe,"powershell.exe",launchd,,,SHA256=00152a1455a38cdb00152a1455a38cdb00152a1455a38cdb00152a1455a38cdb
2026-03-12 05:40:20.465,LINUX-JUMP-01,taylor.owens,1,node,"node",cmd.exe,,,SHA256=0012b128737588580012b128737588580012b128737588580012b12873758858
2026-03-12 05:46:55.164,LINUX-JUMP-01,alex.chen,1,sshd,"sshd",explorer.exe,,,SHA256=00223eb0e95810d600223eb0e95810d600223eb0e95810d600223eb0e95810d6
2026-03-12 05:53:40.926,FIN-WS22,svc-build,1,slack.exe,"slack.exe",explorer.exe,,,SHA256=0017160820c8883f0017160820c8883f0017160820c8883f0017160820c8883f
2026-03-12 06:00:30.445,FIN-WS17,taylor.owens,1,powershell.exe,"powershell.exe",systemd,,,SHA256=000fbb1734da0c8f000fbb1734da0c8f000fbb1734da0c8f000fbb1734da0c8f
2026-03-12 06:08:44.442,FIN-WS17,taylor.owens,1,outlook.exe,"outlook.exe",explorer.exe,,,SHA256=0019b13ce4cf71d50019b13ce4cf71d50019b13ce4cf71d50019b13ce4cf71d5
2026-03-12 06:17:31.404,BLD-RUN-02,taylor.owens,1,powershell.exe,"powershell.exe",systemd,,,SHA256=000b6bb0dd1f9279000b6bb0dd1f9279000b6bb0dd1f9279000b6bb0dd1f9279
2026-03-12 06:27:54.917,BLD-RUN-02,svc-build,1,slack.exe,"slack.exe",cmd.exe,,,SHA256=00162744d8de6e7b00162744d8de6e7b00162744d8de6e7b00162744d8de6e7b
2026-03-12 06:37:14.496,BLD-RUN-02,jamie.patel,1,chrome.exe,"chrome.exe",explorer.exe,,,SHA256=0000bbdd906e06a30000bbdd906e06a30000bbdd906e06a30000bbdd906e06a3
2026-03-12 06:43:10.106,ENG-MAC-17,svc-build,1,powershell.exe,"powershell.exe",explorer.exe,,,SHA256=00217d6659b662dc00217d6659b662dc00217d6659b662dc00217d6659b662dc
2026-03-12 06:51:51.754,BLD-RUN-02,riley.kapoor,1,outlook.exe,"outlook.exe",launchd,,,SHA256=000e506c1460d32b000e506c1460d32b000e506c1460d32b000e506c1460d32b
2026-03-12 06:55:39.460,FIN-WS17,jamie.patel,1,sshd,"sshd",systemd,,,SHA256=001e32025618c902001e32025618c902001e32025618c902001e32025618c902
2026-03-12 07:06:25.082,BLD-RUN-02,svc-export,1,chrome.exe,"chrome.exe",launchd,,,SHA256=0008405bfedbb2e50008405bfedbb2e50008405bfedbb2e50008405bfedbb2e5
2026-03-12 07:16:19.149,FIN-WS17,svc-export,1,outlook.exe,"outlook.exe",systemd,,,SHA256=0003788c30b29e980003788c30b29e980003788c30b29e980003788c30b29e98
2026-03-12 07:24:10.126,FIN-WS17,jamie.patel,1,outlook.exe,"outlook.exe",launchd,,,SHA256=000bbaf6cb941e4a000bbaf6cb941e4a000bbaf6cb941e4a000bbaf6cb941e4a
2026-03-12 07:29:21.103,FIN-WS17,riley.kapoor,1,git,"git",explorer.exe,,,SHA256=000c119cb1ce9380000c119cb1ce9380000c119cb1ce9380000c119cb1ce9380
2026-03-12 07:32:44.379,FIN-WS17,morgan.sato,1,git,"git",explorer.exe,,,SHA256=0007fba2832fa6a50007fba2832fa6a50007fba2832fa6a50007fba2832fa6a5
2026-03-12 07:39:46.024,FIN-WS22,riley.kapoor,1,sshd,"sshd",launchd,,,SHA256=0006925fb16de4970006925fb16de4970006925fb16de4970006925fb16de497
2026-03-12 07:50:42.283,FIN-WS22,alex.chen,1,powershell.exe,"powershell.exe",systemd,,,SHA256=000c1010fe014b7c000c1010fe014b7c000c1010fe014b7c000c1010fe014b7c
2026-03-12 07:55:53.470,FIN-WS17,svc-export,1,python3,"python3",systemd,,,SHA256=0017692e58ed8ec60017692e58ed8ec60017692e58ed8ec60017692e58ed8ec6
2026-03-12 08:02:18.245,FIN-WS22,svc-build,1,git,"git",explorer.exe,,,SHA256=0000b7635e09163b0000b7635e09163b0000b7635e09163b0000b7635e09163b
2026-03-12 08:08:55.205,FIN-WS17,riley.kapoor,1,python3,"python3",launchd,,,SHA256=00234dda5068c64c00234dda5068c64c00234dda5068c64c00234dda5068c64c
2026-03-12 08:19:26.569,ENG-MAC-04,morgan.sato,1,python3,"python3",systemd,,,SHA256=00218694431c882600218694431c882600218694431c882600218694431c8826
2026-03-12 08:22:21.162,ENG-MAC-17,riley.kapoor,1,python3,"python3",explorer.exe,,,SHA256=0020a8027f1dde480020a8027f1dde480020a8027f1dde480020a8027f1dde48
2026-03-12 08:26:05.469,BLD-RUN-02,jamie.patel,1,python3,"python3",explorer.exe,,,SHA256=0019328aee35a67e0019328aee35a67e0019328aee35a67e0019328aee35a67e
2026-03-12 08:35:20.478,FIN-WS22,riley.kapoor,1,slack.exe,"slack.exe",launchd,,,SHA256=001f29d9b8320c8c001f29d9b8320c8c001f29d9b8320c8c001f29d9b8320c8c
2026-03-12 08:43:40.428,FIN-WS22,morgan.sato,1,git,"git",launchd,,,SHA256=001750e52b3db0f4001750e52b3db0f4001750e52b3db0f4001750e52b3db0f4
2026-03-12 08:54:43.184,BLD-RUN-02,svc-build,1,sshd,"sshd",explorer.exe,,,SHA256=001d7e0a36e9b59f001d7e0a36e9b59f001d7e0a36e9b59f001d7e0a36e9b59f
2026-03-12 09:03:00.305,LINUX-JUMP-01,morgan.sato,1,chrome.exe,"chrome.exe",cmd.exe,,,SHA256=00075903c164ce4c00075903c164ce4c00075903c164ce4c00075903c164ce4c
2026-03-12 09:10:41.264,BLD-RUN-02,svc-export,1,node,"node",explorer.exe,,,SHA256=0014d70248dd2d120014d70248dd2d120014d70248dd2d120014d70248dd2d12
2026-03-12 09:20:47.707,LINUX-JUMP-01,svc-export,1,outlook.exe,"outlook.exe",systemd,,,SHA256=0009ebfb99ba3b550009ebfb99ba3b550009ebfb99ba3b550009ebfb99ba3b55
2026-03-12 09:23:50.915,FIN-WS17,taylor.owens,1,node,"node",cmd.exe,,,SHA256=001cf3e9619e1606001cf3e9619e1606001cf3e9619e1606001cf3e9619e1606
2026-03-12 09:33:43.288,BLD-RUN-02,riley.kapoor,1,outlook.exe,"outlook.exe",systemd,,,SHA256=001443cdd102c808001443cdd102c808001443cdd102c808001443cdd102c808
2026-03-12 09:44:30.974,FIN-WS22,svc-export,1,node,"node",explorer.exe,,,SHA256=0005f56fb02dcffc0005f56fb02dcffc0005f56fb02dcffc0005f56fb02dcffc
2026-03-12 09:47:31.732,ENG-MAC-04,jamie.patel,1,python3,"python3",cmd.exe,,,SHA256=001ab9b26f94aefd001ab9b26f94aefd001ab9b26f94aefd001ab9b26f94aefd
2026-03-12 09:56:55.597,BLD-RUN-02,jamie.patel,1,slack.exe,"slack.exe",explorer.exe,,,SHA256=0006ad8de6a59bdf0006ad8de6a59bdf0006ad8de6a59bdf0006ad8de6a59bdf
2026-03-12 10:01:35.332,FIN-WS22,taylor.owens,1,powershell.exe,"powershell.exe",cmd.exe,,,SHA256=001f4cc991a11315001f4cc991a11315001f4cc991a11315001f4cc991a11315
2026-03-12 10:11:12.395,ENG-MAC-04,svc-build,1,powershell.exe,"powershell.exe",cmd.exe,,,SHA256=0020ad90d784654e0020ad90d784654e0020ad90d784654e0020ad90d784654e
2026-03-12 10:16:49.176,FIN-WS22,morgan.sato,1,chrome.exe,"chrome.exe",systemd,,,SHA256=0014100d2547af630014100d2547af630014100d2547af630014100d2547af63
2026-03-12 10:19:40.369,ENG-MAC-17,morgan.sato,1,slack.exe,"slack.exe",systemd,,,SHA256=000e07f240a45c2e000e07f240a45c2e000e07f240a45c2e000e07f240a45c2e
2026-03-12 10:26:50.105,BLD-RUN-02,taylor.owens,1,chrome.exe,"chrome.exe",systemd,,,SHA256=001863e3bec5855d001863e3bec5855d001863e3bec5855d001863e3bec5855d
2026-03-12 10:38:15.106,BLD-RUN-02,svc-build,1,slack.exe,"slack.exe",cmd.exe,,,SHA256=000ed0d1ea7fca6e000ed0d1ea7fca6e000ed0d1ea7fca6e000ed0d1ea7fca6e
2026-03-12 10:48:39.698,ENG-MAC-04,taylor.owens,1,slack.exe,"slack.exe",launchd,,,SHA256=0019f506d1b495430019f506d1b495430019f506d1b495430019f506d1b49543
2026-03-12 10:53:31.818,BLD-RUN-02,taylor.owens,1,outlook.exe,"outlook.exe",launchd,,,SHA256=000b37bbb387d21a000b37bbb387d21a000b37bbb387d21a000b37bbb387d21a
2026-03-12 11:02:19.694,BLD-RUN-02,alex.chen,1,sshd,"sshd",systemd,,,SHA256=0000445fc691ecce0000445fc691ecce0000445fc691ecce0000445fc691ecce
2026-03-12 11:09:09.930,ENG-MAC-17,jamie.patel,1,chrome.exe,"chrome.exe",cmd.exe,,,SHA256=00150d053167ffa500150d053167ffa500150d053167ffa500150d053167ffa5
2026-03-12 11:17:06.371,ENG-MAC-17,morgan.sato,1,git,"git",cmd.exe,,,SHA256=000b90d13264981c000b90d13264981c000b90d13264981c000b90d13264981c
2026-03-12 11:25:06.071,ENG-MAC-04,svc-export,1,powershell.exe,"powershell.exe",explorer.exe,,,SHA256=00165ecd975bdc7100165ecd975bdc7100165ecd975bdc7100165ecd975bdc71
2026-03-12 11:34:08.537,BLD-RUN-02,riley.kapoor,1,node,"node",systemd,,,SHA256=00202cfd040940da00202cfd040940da00202cfd040940da00202cfd040940da
2026-03-12 11:39:15.407,ENG-MAC-04,jamie.patel,1,slack.exe,"slack.exe",systemd,,,SHA256=001f70068645eda2001f70068645eda2001f70068645eda2001f70068645eda2
2026-03-12 11:50:41.887,ENG-MAC-17,jamie.patel,1,python3,"python3",explorer.exe,,,SHA256=0014d38f90ae87b10014d38f90ae87b10014d38f90ae87b10014d38f90ae87b1
2026-03-12 12:02:04.415,ENG-MAC-04,taylor.owens,1,outlook.exe,"outlook.exe",launchd,,,SHA256=0008a2b84c13cb220008a2b84c13cb220008a2b84c13cb220008a2b84c13cb22
2026-03-12 12:13:10.652,ENG-MAC-17,morgan.sato,1,git,"git",cmd.exe,,,SHA256=0015d57e6a6863f40015d57e6a6863f40015d57e6a6863f40015d57e6a6863f4
2026-03-12 12:24:31.309,FIN-WS17,svc-export,1,node,"node",cmd.exe,,,SHA256=000fe253dec03af7000fe253dec03af7000fe253dec03af7000fe253dec03af7
2026-03-12 12:34:35.541,LINUX-JUMP-01,taylor.owens,1,node,"node",cmd.exe,,,SHA256=0014587417f015890014587417f015890014587417f015890014587417f01589
2026-03-12 12:41:53.446,ENG-MAC-17,svc-export,1,python3,"python3",launchd,,,SHA256=001bb32ad2577cc3001bb32ad2577cc3001bb32ad2577cc3001bb32ad2577cc3
2026-03-12 12:51:05.135,BLD-RUN-02,taylor.owens,1,slack.exe,"slack.exe",launchd,,,SHA256=0008484f1baa75170008484f1baa75170008484f1baa75170008484f1baa7517
2026-03-12 12:59:54.181,BLD-RUN-02,alex.chen,1,powershell.exe,"powershell.exe",explorer.exe,,,SHA256=000eda14fcf4319b000eda14fcf4319b000eda14fcf4319b000eda14fcf4319b
2026-03-12 13:03:36.005,ENG-MAC-04,svc-build,1,node,"node",explorer.exe,,,SHA256=000df56698eaae71000df56698eaae71000df56698eaae71000df56698eaae71
2026-03-12 13:12:24.754,FIN-WS17,svc-build,1,sshd,"sshd",launchd,,,SHA256=0004bc68be018c0b0004bc68be018c0b0004bc68be018c0b0004bc68be018c0b
2026-03-12 13:15:44.948,FIN-WS22,jamie.patel,1,powershell.exe,"powershell.exe",systemd,,,SHA256=0022ddbfb11cb1420022ddbfb11cb1420022ddbfb11cb1420022ddbfb11cb142
2026-03-12 13:25:09.916,ENG-MAC-04,jamie.patel,1,powershell.exe,"powershell.exe",cmd.exe,,,SHA256=00091ce3a8c4b46800091ce3a8c4b46800091ce3a8c4b46800091ce3a8c4b468
2026-03-12 13:36:24.875,BLD-RUN-02,svc-export,1,chrome.exe,"chrome.exe",cmd.exe,,,SHA256=00232ac9ecf8e3f800232ac9ecf8e3f800232ac9ecf8e3f800232ac9ecf8e3f8
2026-03-12 13:46:49.138,BLD-RUN-02,svc-build,1,sshd,"sshd",explorer.exe,,,SHA256=0002f3716c278d570002f3716c278d570002f3716c278d570002f3716c278d57
2026-03-12 13:52:33.982,FIN-WS17,alex.chen,1,slack.exe,"slack.exe",systemd,,,SHA256=0000ac39730de4f20000ac39730de4f20000ac39730de4f20000ac39730de4f2
2026-03-12 14:02:38.357,LINUX-JUMP-01,alex.chen,1,node,"node",systemd,,,SHA256=0004e3b1aeab449d0004e3b1aeab449d0004e3b1aeab449d0004e3b1aeab449d
2026-03-12 14:10:16.002,ENG-MAC-04,morgan.sato,1,python3,"python3",cmd.exe,,,SHA256=0011735ff91c65ef0011735ff91c65ef0011735ff91c65ef0011735ff91c65ef
2026-03-12 14:18:00.348,FIN-WS17,morgan.sato,1,python3,"python3",explorer.exe,,,SHA256=00228046b3515c2800228046b3515c2800228046b3515c2800228046b3515c28
2026-03-12 14:20:47.405,ENG-MAC-04,svc-export,1,slack.exe,"slack.exe",launchd,,,SHA256=001d559c0be86db1001d559c0be86db1001d559c0be86db1001d559c0be86db1
2026-03-12 14:29:04.933,ENG-MAC-04,svc-build,1,powershell.exe,"powershell.exe",systemd,,,SHA256=000ea246b642175c000ea246b642175c000ea246b642175c000ea246b642175c
2026-03-12 14:34:15.605,LINUX-JUMP-01,alex.chen,1,git,"git",systemd,,,SHA256=00044e9bfdb18bf000044e9bfdb18bf000044e9bfdb18bf000044e9bfdb18bf0
2026-03-12 14:38:43.363,FIN-WS17,morgan.sato,1,slack.exe,"slack.exe",cmd.exe,,,SHA256=000fbc6c79b078a1000fbc6c79b078a1000fbc6c79b078a1000fbc6c79b078a1
2026-03-12 14:46:10.289,BLD-RUN-02,riley.kapoor,1,node,"node",launchd,,,SHA256=000529c92010cb85000529c92010cb85000529c92010cb85000529c92010cb85
2026-03-12 14:50:54.329,FIN-WS22,morgan.sato,1,slack.exe,"slack.exe",explorer.exe,,,SHA256=0004803ad0093b2b0004803ad0093b2b0004803ad0093b2b0004803ad0093b2b
2026-03-12 15:00:38.165,ENG-MAC-17,svc-build,1,git,"git",cmd.exe,,,SHA256=00180164e7756ed600180164e7756ed600180164e7756ed600180164e7756ed6
2026-03-12 15:06:42.199,FIN-WS17,riley.kapoor,1,node,"node",launchd,,,SHA256=0008e16af05b750b0008e16af05b750b0008e16af05b750b0008e16af05b750b
2026-03-12 15:11:09.519,BLD-RUN-02,svc-export,1,outlook.exe,"outlook.exe",launchd,,,SHA256=001172c52e79c27e001172c52e79c27e001172c52e79c27e001172c52e79c27e
2026-03-12 15:22:01.179,LINUX-JUMP-01,alex.chen,1,chrome.exe,"chrome.exe",systemd,,,SHA256=0015ad1c58eccd760015ad1c58eccd760015ad1c58eccd760015ad1c58eccd76
2026-03-12 15:26:13.098,ENG-MAC-04,svc-export,1,git,"git",explorer.exe,,,SHA256=0013d9b26f29923f0013d9b26f29923f0013d9b26f29923f0013d9b26f29923f
2026-03-12 15:36:02.246,BLD-RUN-02,riley.kapoor,1,node,"node",systemd,,,SHA256=0004157048b873520004157048b873520004157048b873520004157048b87352
2026-03-12 15:39:53.985,FIN-WS17,morgan.sato,1,slack.exe,"slack.exe",cmd.exe,,,SHA256=00079cf8c5be0c2b00079cf8c5be0c2b00079cf8c5be0c2b00079cf8c5be0c2b
2026-03-12 15:47:32.802,BLD-RUN-02,svc-build,1,python3,"python3",systemd,,,SHA256=00042e7f16fe400800042e7f16fe400800042e7f16fe400800042e7f16fe4008
2026-03-12 15:52:17.214,ENG-MAC-17,jamie.patel,1,powershell.exe,"powershell.exe",cmd.exe,,,SHA256=000d97c1369a1e10000d97c1369a1e10000d97c1369a1e10000d97c1369a1e10
2026-03-12 16:01:02.142,ENG-MAC-04,svc-build,1,sshd,"sshd",launchd,,,SHA256=00176ee77eacb28800176ee77eacb28800176ee77eacb28800176ee77eacb288
2026-03-12 16:06:18.052,BLD-RUN-02,svc-build,1,outlook.exe,"outlook.exe",cmd.exe,,,SHA256=0004ca81142699230004ca81142699230004ca81142699230004ca8114269923
2026-03-12 16:14:38.955,ENG-MAC-04,alex.chen,1,outlook.exe,"outlook.exe",launchd,,,SHA256=001339d7ba35ae97001339d7ba35ae97001339d7ba35ae97001339d7ba35ae97
2026-03-12 16:24:07.949,FIN-WS17,morgan.sato,1,python3,"python3",launchd,,,SHA256=00049b9bc678a7ef00049b9bc678a7ef00049b9bc678a7ef00049b9bc678a7ef
2026-03-12 16:33:50.169,BLD-RUN-02,jamie.patel,1,chrome.exe,"chrome.exe",explorer.exe,,,SHA256=000e06cfab422c5f000e06cfab422c5f000e06cfab422c5f000e06cfab422c5f
2026-03-12 16:41:23.314,FIN-WS17,morgan.sato,1,python3,"python3",cmd.exe,,,SHA256=001a1cf07903627f001a1cf07903627f001a1cf07903627f001a1cf07903627f
2026-03-12 16:50:43.632,LINUX-JUMP-01,alex.chen,1,python3,"python3",launchd,,,SHA256=0006658467a144370006658467a144370006658467a144370006658467a14437
2026-03-12 17:01:32.390,BLD-RUN-02,svc-build,1,node,"node",systemd,,,SHA256=001f2a55aa178cc9001f2a55aa178cc9001f2a55aa178cc9001f2a55aa178cc9
2026-03-12 17:13:00.190,BLD-RUN-02,taylor.owens,1,chrome.exe,"chrome.exe",explorer.exe,,,SHA256=001b7b15fc5142b1001b7b15fc5142b1001b7b15fc5142b1001b7b15fc5142b1
2026-03-12 17:23:13.627,ENG-MAC-04,riley.kapoor,1,python3,"python3",launchd,,,SHA256=002081e9e4a1cb5c002081e9e4a1cb5c002081e9e4a1cb5c002081e9e4a1cb5c
2026-03-12 17:32:13.885,ENG-MAC-17,alex.chen,1,sshd,"sshd",systemd,,,SHA256=00147386881eb0e400147386881eb0e400147386881eb0e400147386881eb0e4
2026-03-12 17:40:27.071,FIN-WS22,taylor.owens,1,slack.exe,"slack.exe",explorer.exe,,,SHA256=0002fe8ddbbada4b0002fe8ddbbada4b0002fe8ddbbada4b0002fe8ddbbada4b
2026-03-12 17:46:22.110,ENG-MAC-04,svc-build,1,slack.exe,"slack.exe",launchd,,,SHA256=000adcf405db7cf9000adcf405db7cf9000adcf405db7cf9000adcf405db7cf9
2026-03-12 17:52:38.425,ENG-MAC-04,morgan.sato,1,powershell.exe,"powershell.exe",explorer.exe,,,SHA256=000b107be662925b000b107be662925b000b107be662925b000b107be662925b
2026-03-12 17:57:20.674,FIN-WS17,morgan.sato,1,sshd,"sshd",launchd,,,SHA256=000e7a5c1143aefa000e7a5c1143aefa000e7a5c1143aefa000e7a5c1143aefa
2026-03-12 18:01:03.552,BLD-RUN-02,svc-build,1,git,"git",systemd,,,SHA256=000faf293c92c86b000faf293c92c86b000faf293c92c86b000faf293c92c86b
2026-03-12 18:12:21.871,ENG-MAC-04,taylor.owens,1,outlook.exe,"outlook.exe",systemd,,,SHA256=001a2b1a776e55d9001a2b1a776e55d9001a2b1a776e55d9001a2b1a776e55d9
2026-03-12 18:14:59.316,LINUX-JUMP-01,svc-export,1,node,"node",explorer.exe,,,SHA256=0006547f3a2a53230006547f3a2a53230006547f3a2a53230006547f3a2a5323
2026-03-12 18:18:46.759,BLD-RUN-02,taylor.owens,1,python3,"python3",explorer.exe,,,SHA256=001012b2c28d98bf001012b2c28d98bf001012b2c28d98bf001012b2c28d98bf
2026-03-12 18:25:34.788,FIN-WS22,alex.chen,1,git,"git",launchd,,,SHA256=000a0df7203fc2df000a0df7203fc2df000a0df7203fc2df000a0df7203fc2df
2026-03-12 18:28:05.984,BLD-RUN-02,svc-build,1,git,"git",systemd,,,SHA256=000a29fb4bb51895000a29fb4bb51895000a29fb4bb51895000a29fb4bb51895
2026-03-12 18:33:14.964,BLD-RUN-02,svc-build,1,chrome.exe,"chrome.exe",systemd,,,SHA256=001d7a13f5aa97dc001d7a13f5aa97dc001d7a13f5aa97dc001d7a13f5aa97dc
2026-03-12 18:36:56.616,ENG-MAC-17,taylor.owens,1,node,"node",explorer.exe,,,SHA256=001585f70b850dd6001585f70b850dd6001585f70b850dd6001585f70b850dd6
2026-03-12 18:40:57.268,ENG-MAC-17,taylor.owens,1,git,"git",cmd.exe,,,SHA256=0013f165334302a30013f165334302a30013f165334302a30013f165334302a3
2026-03-12 18:49:25.579,BLD-RUN-02,svc-build,1,slack.exe,"slack.exe",launchd,,,SHA256=0021d5c53b94ce940021d5c53b94ce940021d5c53b94ce940021d5c53b94ce94
2026-03-12 18:53:39.242,ENG-MAC-04,morgan.sato,1,powershell.exe,"powershell.exe",explorer.exe,,,SHA256=0016fbf984487ab40016fbf984487ab40016fbf984487ab40016fbf984487ab4
2026-03-12 18:57:43.383,BLD-RUN-02,morgan.sato,1,git,"git",cmd.exe,,,SHA256=0022511bd7e1a8ca0022511bd7e1a8ca0022511bd7e1a8ca0022511bd7e1a8ca
2026-03-12 19:07:43.939,LINUX-JUMP-01,svc-export,1,sshd,"sshd",explorer.exe,,,SHA256=000da6be833fb775000da6be833fb775000da6be833fb775000da6be833fb775
2026-03-12 19:15:14.999,ENG-MAC-04,svc-build,1,node,"node",explorer.exe,,,SHA256=001f2499cbf53ce4001f2499cbf53ce4001f2499cbf53ce4001f2499cbf53ce4
2026-03-12 19:21:07.677,ENG-MAC-04,riley.kapoor,1,chrome.exe,"chrome.exe",systemd,,,SHA256=0016f08b30a4d75b0016f08b30a4d75b0016f08b30a4d75b0016f08b30a4d75b
2026-03-12 19:27:07.839,FIN-WS17,svc-build,1,node,"node",systemd,,,SHA256=0022d1eca327c48c0022d1eca327c48c0022d1eca327c48c0022d1eca327c48c
2026-03-12 19:38:22.915,BLD-RUN-02,jamie.patel,1,powershell.exe,"powershell.exe",explorer.exe,,,SHA256=000410f3f45fc159000410f3f45fc159000410f3f45fc159000410f3f45fc159
2026-03-12 19:46:19.917,LINUX-JUMP-01,svc-export,1,python3,"python3",systemd,,,SHA256=001b62749f13f1b5001b62749f13f1b5001b62749f13f1b5001b62749f13f1b5
2026-03-12 19:55:47.168,ENG-MAC-04,jamie.patel,1,git,"git",systemd,,,SHA256=0015941f1f380c890015941f1f380c890015941f1f380c890015941f1f380c89
2026-03-12 20:03:04.417,ENG-MAC-04,svc-export,1,python3,"python3",systemd,,,SHA256=00173ab392c451eb00173ab392c451eb00173ab392c451eb00173ab392c451eb
2026-03-12 20:12:16.962,ENG-MAC-17,svc-export,1,chrome.exe,"chrome.exe",systemd,,,SHA256=00012090e6cffa1700012090e6cffa1700012090e6cffa1700012090e6cffa17
2026-03-12 20:19:49.989,FIN-WS22,alex.chen,1,slack.exe,"slack.exe",cmd.exe,,,SHA256=000e80098f4961db000e80098f4961db000e80098f4961db000e80098f4961db
2026-03-12 20:23:43.994,LINUX-JUMP-01,morgan.sato,1,slack.exe,"slack.exe",cmd.exe,,,SHA256=001b7209d68f4d75001b7209d68f4d75001b7209d68f4d75001b7209d68f4d75
2026-03-12 20:26:29.246,FIN-WS22,jamie.patel,1,powershell.exe,"powershell.exe",systemd,,,SHA256=001d375c4763bd1f001d375c4763bd1f001d375c4763bd1f001d375c4763bd1f
2026-03-12 20:36:38.768,BLD-RUN-02,alex.chen,1,python3,"python3",launchd,,,SHA256=0013ce8aaada0ebb0013ce8aaada0ebb0013ce8aaada0ebb0013ce8aaada0ebb
2026-03-12 20:39:51.038,LINUX-JUMP-01,morgan.sato,1,outlook.exe,"outlook.exe",systemd,,,SHA256=00063cce1f8f164e00063cce1f8f164e00063cce1f8f164e00063cce1f8f164e
2026-03-12 20:49:25.094,FIN-WS22,jamie.patel,1,node,"node",cmd.exe,,,SHA256=00036dc06762835d00036dc06762835d00036dc06762835d00036dc06762835d
2026-03-12 20:57:05.223,FIN-WS17,morgan.sato,1,git,"git",explorer.exe,,,SHA256=0011362e8601e3430011362e8601e3430011362e8601e3430011362e8601e343
2026-03-12 21:03:36.992,FIN-WS17,alex.chen,1,powershell.exe,"powershell.exe",launchd,,,SHA256=00017e210497e91200017e210497e91200017e210497e91200017e210497e912
2026-03-12 21:09:11.764,FIN-WS22,taylor.owens,1,git,"git",explorer.exe,,,SHA256=00187b8d337fe9ab00187b8d337fe9ab00187b8d337fe9ab00187b8d337fe9ab
2026-03-12 21:12:47.632,FIN-WS22,jamie.patel,1,sshd,"sshd",explorer.exe,,,SHA256=00026a9f224bbf0200026a9f224bbf0200026a9f224bbf0200026a9f224bbf02
2026-03-12 21:17:59.116,FIN-WS22,alex.chen,1,chrome.exe,"chrome.exe",launchd,,,SHA256=000712a6a67c17d4000712a6a67c17d4000712a6a67c17d4000712a6a67c17d4
2026-03-12 21:21:48.094,BLD-RUN-02,taylor.owens,1,git,"git",cmd.exe,,,SHA256=00040b481ccaa93200040b481ccaa93200040b481ccaa93200040b481ccaa932
2026-03-12 21:26:39.991,LINUX-JUMP-01,alex.chen,1,sshd,"sshd",cmd.exe,,,SHA256=0010c1850ed255b30010c1850ed255b30010c1850ed255b30010c1850ed255b3
2026-03-12 21:34:31.846,FIN-WS17,alex.chen,1,powershell.exe,"powershell.exe",systemd,,,SHA256=00033112be923a2b00033112be923a2b00033112be923a2b00033112be923a2b
2026-03-12 21:41:25.704,ENG-MAC-04,alex.chen,1,sshd,"sshd",cmd.exe,,,SHA256=00135600fa5a3a3500135600fa5a3a3500135600fa5a3a3500135600fa5a3a35
2026-03-12 21:44:28.951,BLD-RUN-02,alex.chen,1,sshd,"sshd",launchd,,,SHA256=0015089003432ef00015089003432ef00015089003432ef00015089003432ef0
2026-03-12 21:49:03.446,LINUX-JUMP-01,jamie.patel,1,powershell.exe,"powershell.exe",systemd,,,SHA256=00189e958a15d0c900189e958a15d0c900189e958a15d0c900189e958a15d0c9
2026-03-12 21:55:32.176,FIN-WS17,svc-export,1,python3,"python3",launchd,,,SHA256=000f004aee18e921000f004aee18e921000f004aee18e921000f004aee18e921
2026-03-12 22:05:53.939,FIN-WS22,alex.chen,1,python3,"python3",launchd,,,SHA256=0016b0345a93db2c0016b0345a93db2c0016b0345a93db2c0016b0345a93db2c
2026-03-12 22:16:45.246,BLD-RUN-02,svc-export,1,powershell.exe,"powershell.exe",cmd.exe,,,SHA256=002222a32ead336a002222a32ead336a002222a32ead336a002222a32ead336a
2026-03-12 22:23:10.061,ENG-MAC-04,morgan.sato,1,slack.exe,"slack.exe",launchd,,,SHA256=00228f5780a33b7600228f5780a33b7600228f5780a33b7600228f5780a33b76
2026-03-12 22:31:01.671,FIN-WS22,riley.kapoor,1,python3,"python3",systemd,,,SHA256=0018791921649c300018791921649c300018791921649c300018791921649c30
2026-03-12 22:37:50.149,BLD-RUN-02,jamie.patel,1,powershell.exe,"powershell.exe",cmd.exe,,,SHA256=0019c5259b5572640019c5259b5572640019c5259b5572640019c5259b557264
2026-03-12 22:42:50.646,ENG-MAC-04,riley.kapoor,1,sshd,"sshd",launchd,,,SHA256=000e71c87bb4f27c000e71c87bb4f27c000e71c87bb4f27c000e71c87bb4f27c
2026-03-12 22:52:02.820,ENG-MAC-04,svc-build,1,slack.exe,"slack.exe",explorer.exe,,,SHA256=0008ba5f944e5de60008ba5f944e5de60008ba5f944e5de60008ba5f944e5de6
2026-03-12 23:00:24.684,ENG-MAC-17,svc-export,1,node,"node",explorer.exe,,,SHA256=0021929c8a00b12a0021929c8a00b12a0021929c8a00b12a0021929c8a00b12a
2026-03-12 23:03:13.266,ENG-MAC-17,taylor.owens,1,chrome.exe,"chrome.exe",launchd,,,SHA256=001d168067bda3eb001d168067bda3eb001d168067bda3eb001d168067bda3eb
2026-03-12 23:11:51.758,BLD-RUN-02,svc-build,1,sshd,"sshd",explorer.exe,,,SHA256=000ed5326a8b644d000ed5326a8b644d000ed5326a8b644d000ed5326a8b644d
2026-03-12 23:15:44.120,LINUX-JUMP-01,morgan.sato,1,chrome.exe,"chrome.exe",explorer.exe,,,SHA256=00187ac76756756b00187ac76756756b00187ac76756756b00187ac76756756b
2026-03-12 23:26:12.838,BLD-RUN-02,taylor.owens,1,chrome.exe,"chrome.exe",explorer.exe,,,SHA256=000af5ff2c7d54e4000af5ff2c7d54e4000af5ff2c7d54e4000af5ff2c7d54e4
2026-03-12 23:37:17.084,LINUX-JUMP-01,riley.kapoor,1,slack.exe,"slack.exe",launchd,,,SHA256=000eacf1b45795b3000eacf1b45795b3000eacf1b45795b3000eacf1b45795b3
2026-03-12 23:40:13.863,BLD-RUN-02,alex.chen,1,sshd,"sshd",systemd,,,SHA256=00219995ad0006c200219995ad0006c200219995ad0006c200219995ad0006c2
2026-03-12 23:49:44.678,BLD-RUN-02,taylor.owens,1,node,"node",launchd,,,SHA256=001956bb3007d1f7001956bb3007d1f7001956bb3007d1f7001956bb3007d1f7
2026-03-12 23:55:19.281,LINUX-JUMP-01,morgan.sato,1,node,"node",cmd.exe,,,SHA256=000571e5104e54b8000571e5104e54b8000571e5104e54b8000571e5104e54b8
2026-03-13 00:05:34.553,ENG-MAC-17,svc-build,1,slack.exe,"slack.exe",cmd.exe,,,SHA256=000907b638135514000907b638135514000907b638135514000907b638135514
2026-03-13 00:17:02.438,FIN-WS17,svc-build,1,node,"node",systemd,,,SHA256=0004b07f62ba37070004b07f62ba37070004b07f62ba37070004b07f62ba3707
2026-03-13 00:23:31.962,BLD-RUN-02,taylor.owens,1,chrome.exe,"chrome.exe",launchd,,,SHA256=000081d3b06583a3000081d3b06583a3000081d3b06583a3000081d3b06583a3
2026-03-13 00:34:46.220,ENG-MAC-17,riley.kapoor,1,python3,"python3",launchd,,,SHA256=001eb922c03f8004001eb922c03f8004001eb922c03f8004001eb922c03f8004
2026-03-13 00:43:39.102,ENG-MAC-17,morgan.sato,1,sshd,"sshd",explorer.exe,,,SHA256=000628ce4d364c46000628ce4d364c46000628ce4d364c46000628ce4d364c46
2026-03-13 00:48:35.454,ENG-MAC-04,riley.kapoor,1,outlook.exe,"outlook.exe",systemd,,,SHA256=00150d4252d51b0b00150d4252d51b0b00150d4252d51b0b00150d4252d51b0b
2026-03-13 00:58:13.155,LINUX-JUMP-01,jamie.patel,1,slack.exe,"slack.exe",systemd,,,SHA256=00187c1595cb182e00187c1595cb182e00187c1595cb182e00187c1595cb182e
2026-03-13 01:08:20.739,FIN-WS22,taylor.owens,1,outlook.exe,"outlook.exe",systemd,,,SHA256=0005a44e998699a80005a44e998699a80005a44e998699a80005a44e998699a8
2026-03-13 01:14:37.996,BLD-RUN-02,jamie.patel,1,outlook.exe,"outlook.exe",cmd.exe,,,SHA256=0022f56ab84bc7ea0022f56ab84bc7ea0022f56ab84bc7ea0022f56ab84bc7ea
2026-03-13 01:19:21.459,LINUX-JUMP-01,morgan.sato,1,python3,"python3",launchd,,,SHA256=00098ea588481b0200098ea588481b0200098ea588481b0200098ea588481b02
2026-03-13 01:30:47.651,ENG-MAC-04,svc-build,1,node,"node",cmd.exe,,,SHA256=000eb1cc81826874000eb1cc81826874000eb1cc81826874000eb1cc81826874
2026-03-13 01:37:13.894,BLD-RUN-02,morgan.sato,1,powershell.exe,"powershell.exe",systemd,,,SHA256=00222dc0677ad98a00222dc0677ad98a00222dc0677ad98a00222dc0677ad98a
2026-03-13 01:40:52.718,BLD-RUN-02,riley.kapoor,1,python3,"python3",cmd.exe,,,SHA256=000fa519f78b8c7f000fa519f78b8c7f000fa519f78b8c7f000fa519f78b8c7f
2026-03-13 01:47:38.439,ENG-MAC-04,svc-export,1,git,"git",explorer.exe,,,SHA256=001dda94b8fceae4001dda94b8fceae4001dda94b8fceae4001dda94b8fceae4
2026-03-13 01:59:04.082,FIN-WS22,svc-export,1,git,"git",launchd,,,SHA256=00183c09c4a475fd00183c09c4a475fd00183c09c4a475fd00183c09c4a475fd
2026-03-13 02:09:58.090,FIN-WS22,taylor.owens,1,git,"git",cmd.exe,,,SHA256=001e657b12d5fe14001e657b12d5fe14001e657b12d5fe14001e657b12d5fe14
2026-03-13 02:21:01.389,ENG-MAC-04,riley.kapoor,1,powershell.exe,"powershell.exe",explorer.exe,,,SHA256=000935cf86877bef000935cf86877bef000935cf86877bef000935cf86877bef
2026-03-13 02:26:08.461,FIN-WS17,svc-export,1,outlook.exe,"outlook.exe",explorer.exe,,,SHA256=0018c6920fb223eb0018c6920fb223eb0018c6920fb223eb0018c6920fb223eb
2026-03-13 02:31:36.871,LINUX-JUMP-01,jamie.patel,1,powershell.exe,"powershell.exe",systemd,,,SHA256=0003f15db6a7586f0003f15db6a7586f0003f15db6a7586f0003f15db6a7586f
2026-03-13 02:39:57.740,LINUX-JUMP-01,svc-build,1,sshd,"sshd",launchd,,,SHA256=0002de0a8b63edb20002de0a8b63edb20002de0a8b63edb20002de0a8b63edb2
2026-03-13 02:45:38.213,ENG-MAC-04,svc-build,1,chrome.exe,"chrome.exe",cmd.exe,,,SHA256=00073e0a9c084b0100073e0a9c084b0100073e0a9c084b0100073e0a9c084b01
2026-03-13 02:52:43.098,ENG-MAC-04,alex.chen,1,python3,"python3",cmd.exe,,,SHA256=00110f6d91c66e1700110f6d91c66e1700110f6d91c66e1700110f6d91c66e17
2026-03-13 02:59:57.326,ENG-MAC-17,svc-build,1,outlook.exe,"outlook.exe",launchd,,,SHA256=001c894fdfb53b19001c894fdfb53b19001c894fdfb53b19001c894fdfb53b19
2026-03-13 03:06:48.207,FIN-WS22,svc-export,1,outlook.exe,"outlook.exe",systemd,,,SHA256=0003cfd1b304e8560003cfd1b304e8560003cfd1b304e8560003cfd1b304e856
2026-03-13 03:09:44.958,ENG-MAC-04,jamie.patel,1,powershell.exe,"powershell.exe",systemd,,,SHA256=00082eff8cee46e700082eff8cee46e700082eff8cee46e700082eff8cee46e7
2026-03-13 03:13:34.635,BLD-RUN-02,morgan.sato,1,git,"git",explorer.exe,,,SHA256=00064e5ef61739ab00064e5ef61739ab00064e5ef61739ab00064e5ef61739ab
2026-03-13 03:16:14.256,ENG-MAC-04,alex.chen,1,sshd,"sshd",cmd.exe,,,SHA256=001b97042d716a68001b97042d716a68001b97042d716a68001b97042d716a68
2026-03-13 03:22:38.023,FIN-WS22,svc-build,1,git,"git",explorer.exe,,,SHA256=001b2a5bc80a48f6001b2a5bc80a48f6001b2a5bc80a48f6001b2a5bc80a48f6
2026-03-13 03:29:29.467,ENG-MAC-04,morgan.sato,1,git,"git",launchd,,,SHA256=0018c14b768c2ab00018c14b768c2ab00018c14b768c2ab00018c14b768c2ab0
2026-03-13 03:34:08.058,FIN-WS17,svc-build,1,chrome.exe,"chrome.exe",systemd,,,SHA256=001c05d199c008af001c05d199c008af001c05d199c008af001c05d199c008af
2026-03-13 03:42:39.129,FIN-WS17,alex.chen,1,powershell.exe,"powershell.exe",explorer.exe,,,SHA256=00101d916b47717300101d916b47717300101d916b47717300101d916b477173
2026-03-13 03:46:49.398,ENG-MAC-04,svc-export,1,git,"git",explorer.exe,,,SHA256=0021366d7db2d70a0021366d7db2d70a0021366d7db2d70a0021366d7db2d70a
2026-03-13 03:57:06.203,FIN-WS17,svc-build,1,node,"node",launchd,,,SHA256=00168c32307c04d500168c32307c04d500168c32307c04d500168c32307c04d5
2026-03-13 04:05:48.821,FIN-WS22,svc-export,1,sshd,"sshd",explorer.exe,,,SHA256=0013806a3530486d0013806a3530486d0013806a3530486d0013806a3530486d
2026-03-13 04:15:50.745,BLD-RUN-02,alex.chen,1,chrome.exe,"chrome.exe",systemd,,,SHA256=00079e40f3ed477100079e40f3ed477100079e40f3ed477100079e40f3ed4771
2026-03-13 04:25:11.996,ENG-MAC-04,svc-export,1,outlook.exe,"outlook.exe",systemd,,,SHA256=001cbaf0e344a812001cbaf0e344a812001cbaf0e344a812001cbaf0e344a812
2026-03-13 04:34:33.815,BLD-RUN-02,jamie.patel,1,node,"node",systemd,,,SHA256=0002f11524742cae0002f11524742cae0002f11524742cae0002f11524742cae
2026-03-13 04:39:01.396,FIN-WS17,morgan.sato,1,slack.exe,"slack.exe",cmd.exe,,,SHA256=00196a7adde6baf700196a7adde6baf700196a7adde6baf700196a7adde6baf7
2026-03-13 04:41:34.460,ENG-MAC-17,svc-export,1,node,"node",cmd.exe,,,SHA256=00006d2269638d3f00006d2269638d3f00006d2269638d3f00006d2269638d3f
2026-03-13 04:46:05.007,ENG-MAC-17,svc-export,1,python3,"python3",explorer.exe,,,SHA256=001901ffeaff910c001901ffeaff910c001901ffeaff910c001901ffeaff910c
2026-03-13 04:51:04.750,LINUX-JUMP-01,riley.kapoor,1,powershell.exe,"powershell.exe",launchd,,,SHA256=001131746d9647fb001131746d9647fb001131746d9647fb001131746d9647fb
2026-03-13 04:56:33.604,ENG-MAC-04,alex.chen,1,outlook.exe,"outlook.exe",explorer.exe,,,SHA256=00209af499be709e00209af499be709e00209af499be709e00209af499be709e
2026-03-13 05:07:50.923,ENG-MAC-04,svc-export,1,git,"git",cmd.exe,,,SHA256=0001c50103b2dade0001c50103b2dade0001c50103b2dade0001c50103b2dade
2026-03-13 05:14:22.490,LINUX-JUMP-01,svc-export,1,outlook.exe,"outlook.exe",systemd,,,SHA256=000fd9d74fec27ff000fd9d74fec27ff000fd9d74fec27ff000fd9d74fec27ff
2026-03-13 05:23:41.883,FIN-WS22,morgan.sato,1,outlook.exe,"outlook.exe",systemd,,,SHA256=00051aa2eff5605e00051aa2eff5605e00051aa2eff5605e00051aa2eff5605e
2026-03-13 05:29:41.728,LINUX-JUMP-01,taylor.owens,1,python3,"python3",explorer.exe,,,SHA256=00027afd7fdd517900027afd7fdd517900027afd7fdd517900027afd7fdd5179
2026-03-13 05:37:49.356,FIN-WS17,jamie.patel,1,sshd,"sshd",explorer.exe,,,SHA256=00128cd596e41cf200128cd596e41cf200128cd596e41cf200128cd596e41cf2
2026-03-13 05:48:57.003,ENG-MAC-04,riley.kapoor,1,slack.exe,"slack.exe",explorer.exe,,,SHA256=000b18a44a485575000b18a44a485575000b18a44a485575000b18a44a485575
2026-03-13 05:52:17.189,FIN-WS17,alex.chen,1,git,"git",systemd,,,SHA256=001ab654646308de001ab654646308de001ab654646308de001ab654646308de
2026-03-13 06:01:11.405,FIN-WS17,svc-export,1,slack.exe,"slack.exe",launchd,,,SHA256=001dfe4687c236e7001dfe4687c236e7001dfe4687c236e7001dfe4687c236e7
2026-03-13 06:05:40.362,FIN-WS22,svc-build,1,powershell.exe,"powershell.exe",explorer.exe,,,SHA256=000eceb550340241000eceb550340241000eceb550340241000eceb550340241
2026-03-13 06:15:36.509,LINUX-JUMP-01,svc-export,1,outlook.exe,"outlook.exe",launchd,,,SHA256=00130e55c34e75fb00130e55c34e75fb00130e55c34e75fb00130e55c34e75fb
2026-03-13 06:23:07.435,ENG-MAC-04,svc-build,1,node,"node",cmd.exe,,,SHA256=0022594ade6b93640022594ade6b93640022594ade6b93640022594ade6b9364
2026-03-13 06:32:29.300,LINUX-JUMP-01,morgan.sato,1,chrome.exe,"chrome.exe",cmd.exe,,,SHA256=001936079aa19503001936079aa19503001936079aa19503001936079aa19503
2026-03-13 06:37:43.260,ENG-MAC-04,jamie.patel,1,sshd,"sshd",launchd,,,SHA256=000d82f95946793b000d82f95946793b000d82f95946793b000d82f95946793b
2026-03-13 06:45:49.570,LINUX-JUMP-01,svc-build,1,sshd,"sshd",explorer.exe,,,SHA256=000d6b6378180ba1000d6b6378180ba1000d6b6378180ba1000d6b6378180ba1
2026-03-13 06:50:21.917,FIN-WS17,riley.kapoor,1,node,"node",systemd,,,SHA256=00022febd6d8563e00022febd6d8563e00022febd6d8563e00022febd6d8563e
2026-03-13 06:56:20.570,BLD-RUN-02,alex.chen,1,python3,"python3",cmd.exe,,,SHA256=0012d5fd6f6fb4330012d5fd6f6fb4330012d5fd6f6fb4330012d5fd6f6fb433
2026-03-13 07:00:02.964,FIN-WS17,riley.kapoor,1,outlook.exe,"outlook.exe",cmd.exe,,,SHA256=0016f11973913d6f0016f11973913d6f0016f11973913d6f0016f11973913d6f
2026-03-13 07:06:33.820,ENG-MAC-04,alex.chen,1,node,"node",systemd,,,SHA256=001ab854ca9fff7e001ab854ca9fff7e001ab854ca9fff7e001ab854ca9fff7e
2026-03-13 07:17:37.215,ENG-MAC-17,svc-export,1,python3,"python3",explorer.exe,,,SHA256=00167c51ed6d01a100167c51ed6d01a100167c51ed6d01a100167c51ed6d01a1
2026-03-13 07:21:07.090,FIN-WS22,morgan.sato,1,powershell.exe,"powershell.exe",cmd.exe,,,SHA256=0019db0018fa7a9e0019db0018fa7a9e0019db0018fa7a9e0019db0018fa7a9e
2026-03-13 07:29:51.373,ENG-MAC-17,svc-export,1,chrome.exe,"chrome.exe",systemd,,,SHA256=0000cfe82a83750f0000cfe82a83750f0000cfe82a83750f0000cfe82a83750f
2026-03-13 07:32:22.710,LINUX-JUMP-01,alex.chen,1,slack.exe,"slack.exe",cmd.exe,,,SHA256=000f188ee35a732b000f188ee35a732b000f188ee35a732b000f188ee35a732b
2026-03-13 07:42:53.986,LINUX-JUMP-01,riley.kapoor,1,slack.exe,"slack.exe",launchd,,,SHA256=000d406304560521000d406304560521000d406304560521000d406304560521
2026-03-13 07:50:01.476,BLD-RUN-02,jamie.patel,1,python3,"python3",launchd,,,SHA256=00003b66d261c5ae00003b66d261c5ae00003b66d261c5ae00003b66d261c5ae
2026-03-13 07:54:48.311,LINUX-JUMP-01,alex.chen,1,git,"git",systemd,,,SHA256=0021c7eccb2f5e780021c7eccb2f5e780021c7eccb2f5e780021c7eccb2f5e78
2026-03-13 08:04:05.552,ENG-MAC-17,morgan.sato,1,chrome.exe,"chrome.exe",systemd,,,SHA256=001b409eafb12245001b409eafb12245001b409eafb12245001b409eafb12245
2026-03-13 08:12:10.791,BLD-RUN-02,svc-export,1,python3,"python3",launchd,,,SHA256=0020166eee64053a0020166eee64053a0020166eee64053a0020166eee64053a
2026-03-13 08:20:31.891,FIN-WS17,taylor.owens,1,outlook.exe,"outlook.exe",explorer.exe,,,SHA256=0016bd02c8f253940016bd02c8f253940016bd02c8f253940016bd02c8f25394
2026-03-13 08:27:36.991,ENG-MAC-17,riley.kapoor,1,chrome.exe,"chrome.exe",cmd.exe,,,SHA256=0015ccea66620da30015ccea66620da30015ccea66620da30015ccea66620da3
2026-03-13 08:31:15.828,ENG-MAC-17,svc-build,1,python3,"python3",launchd,,,SHA256=00029c00721153ee00029c00721153ee00029c00721153ee00029c00721153ee
2026-03-13 08:40:49.945,ENG-MAC-17,morgan.sato,1,chrome.exe,"chrome.exe",systemd,,,SHA256=0017d316483360c90017d316483360c90017d316483360c90017d316483360c9
2026-03-13 08:48:12.615,ENG-MAC-17,taylor.owens,1,outlook.exe,"outlook.exe",systemd,,,SHA256=000b65c0284f3cc3000b65c0284f3cc3000b65c0284f3cc3000b65c0284f3cc3
2026-03-13 08:53:09.006,FIN-WS22,alex.chen,1,sshd,"sshd",explorer.exe,,,SHA256=00042ce1d54939b000042ce1d54939b000042ce1d54939b000042ce1d54939b0
2026-03-13 09:02:42.790,BLD-RUN-02,svc-build,1,slack.exe,"slack.exe",explorer.exe,,,SHA256=000fc22cede25c4b000fc22cede25c4b000fc22cede25c4b000fc22cede25c4b
2026-03-13 09:08:10.404,BLD-RUN-02,morgan.sato,1,sshd,"sshd",launchd,,,SHA256=002039f0251cc692002039f0251cc692002039f0251cc692002039f0251cc692
2026-03-13 09:17:15.417,BLD-RUN-02,riley.kapoor,1,chrome.exe,"chrome.exe",systemd,,,SHA256=001457568187fd72001457568187fd72001457568187fd72001457568187fd72
2026-03-13 09:26:13.857,ENG-MAC-04,svc-export,1,node,"node",explorer.exe,,,SHA256=0019fd3338481a660019fd3338481a660019fd3338481a660019fd3338481a66
2026-03-13 09:37:21.334,ENG-MAC-17,svc-export,1,slack.exe,"slack.exe",explorer.exe,,,SHA256=0007ff5a6609ae040007ff5a6609ae040007ff5a6609ae040007ff5a6609ae04
2026-03-13 09:42:22.683,LINUX-JUMP-01,svc-build,1,slack.exe,"slack.exe",systemd,,,SHA256=00171e3415d6dab900171e3415d6dab900171e3415d6dab900171e3415d6dab9
2026-03-13 09:52:56.691,ENG-MAC-04,taylor.owens,1,powershell.exe,"powershell.exe",explorer.exe,,,SHA256=0019bead04bc0f1c0019bead04bc0f1c0019bead04bc0f1c0019bead04bc0f1c
2026-03-13 09:57:28.013,FIN-WS17,svc-export,1,slack.exe,"slack.exe",explorer.exe,,,SHA256=0006c02e9cc855ac0006c02e9cc855ac0006c02e9cc855ac0006c02e9cc855ac
2026-03-13 10:07:35.164,FIN-WS22,svc-build,1,powershell.exe,"powershell.exe",launchd,,,SHA256=0000b375a7187bc90000b375a7187bc90000b375a7187bc90000b375a7187bc9
2026-03-13 10:11:00.803,FIN-WS22,svc-export,1,sshd,"sshd",cmd.exe,,,SHA256=001d7a5943dcec4a001d7a5943dcec4a001d7a5943dcec4a001d7a5943dcec4a
2026-03-13 10:18:15.386,LINUX-JUMP-01,alex.chen,1,node,"node",launchd,,,SHA256=000ff6ba97a31202000ff6ba97a31202000ff6ba97a31202000ff6ba97a31202
2026-03-13 10:27:18.495,ENG-MAC-04,svc-build,1,git,"git",launchd,,,SHA256=00020f7e9751fd0e00020f7e9751fd0e00020f7e9751fd0e00020f7e9751fd0e
2026-03-13 10:30:28.228,ENG-MAC-17,jamie.patel,1,powershell.exe,"powershell.exe",explorer.exe,,,SHA256=0008ee7d828ce9ca0008ee7d828ce9ca0008ee7d828ce9ca0008ee7d828ce9ca
2026-03-13 10:38:26.272,FIN-WS22,alex.chen,1,sshd,"sshd",systemd,,,SHA256=000e889135c9bab3000e889135c9bab3000e889135c9bab3000e889135c9bab3
2026-03-13 10:46:56.711,ENG-MAC-17,alex.chen,1,sshd,"sshd",systemd,,,SHA256=001e99696b6f86a5001e99696b6f86a5001e99696b6f86a5001e99696b6f86a5
2026-03-13 10:55:36.003,ENG-MAC-17,riley.kapoor,1,git,"git",cmd.exe,,,SHA256=0005a4b257d29b3c0005a4b257d29b3c0005a4b257d29b3c0005a4b257d29b3c
2026-03-13 10:59:59.444,FIN-WS17,svc-export,1,chrome.exe,"chrome.exe",launchd,,,SHA256=000a8fb918b0cf3d000a8fb918b0cf3d000a8fb918b0cf3d000a8fb918b0cf3d
2026-03-13 11:06:19.093,ENG-MAC-04,jamie.patel,1,git,"git",explorer.exe,,,SHA256=00154b4538b64b4600154b4538b64b4600154b4538b64b4600154b4538b64b46
2026-03-13 11:15:16.619,FIN-WS17,alex.chen,1,outlook.exe,"outlook.exe",cmd.exe,,,SHA256=000662b45308174e000662b45308174e000662b45308174e000662b45308174e
2026-03-13 11:22:52.560,FIN-WS22,alex.chen,1,slack.exe,"slack.exe",explorer.exe,,,SHA256=00024ad7f327518c00024ad7f327518c00024ad7f327518c00024ad7f327518c
2026-03-13 11:28:35.699,FIN-WS22,alex.chen,1,sshd,"sshd",systemd,,,SHA256=00066ebb60d707da00066ebb60d707da00066ebb60d707da00066ebb60d707da
2026-03-13 11:31:30.811,BLD-RUN-02,jamie.patel,1,sshd,"sshd",cmd.exe,,,SHA256=00048f7d02cbceba00048f7d02cbceba00048f7d02cbceba00048f7d02cbceba
2026-03-13 11:36:42.081,ENG-MAC-17,jamie.patel,1,powershell.exe,"powershell.exe",launchd,,,SHA256=0021dc174568718a0021dc174568718a0021dc174568718a0021dc174568718a
2026-03-13 11:47:38.700,LINUX-JUMP-01,riley.kapoor,1,outlook.exe,"outlook.exe",systemd,,,SHA256=00170885d3a3057600170885d3a3057600170885d3a3057600170885d3a30576
2026-03-13 11:57:18.136,FIN-WS22,svc-build,1,sshd,"sshd",cmd.exe,,,SHA256=001d726a30f3555f001d726a30f3555f001d726a30f3555f001d726a30f3555f
2026-03-13 12:03:34.581,ENG-MAC-04,morgan.sato,1,git,"git",systemd,,,SHA256=00146d2cda5b96aa00146d2cda5b96aa00146d2cda5b96aa00146d2cda5b96aa
2026-03-13 12:07:42.133,BLD-RUN-02,jamie.patel,1,slack.exe,"slack.exe",systemd,,,SHA256=001e0dced30dafa4001e0dced30dafa4001e0dced30dafa4001e0dced30dafa4
2026-03-13 12:10:55.180,FIN-WS17,riley.kapoor,1,chrome.exe,"chrome.exe",launchd,,,SHA256=0018df9721cb9e160018df9721cb9e160018df9721cb9e160018df9721cb9e16
2026-03-13 12:19:36.718,BLD-RUN-02,svc-build,1,outlook.exe,"outlook.exe",explorer.exe,,,SHA256=001f8823e50ad10e001f8823e50ad10e001f8823e50ad10e001f8823e50ad10e
2026-03-13 12:23:07.273,FIN-WS17,alex.chen,1,sshd,"sshd",cmd.exe,,,SHA256=001b338816a81b14001b338816a81b14001b338816a81b14001b338816a81b14
2026-03-13 12:28:04.703,ENG-MAC-04,riley.kapoor,1,powershell.exe,"powershell.exe",explorer.exe,,,SHA256=0023221966105232002322196610523200232219661052320023221966105232
2026-03-13 12:32:14.223,FIN-WS22,morgan.sato,1,sshd,"sshd",explorer.exe,,,SHA256=001575f8625a51ab001575f8625a51ab001575f8625a51ab001575f8625a51ab
2026-03-13 12:42:28.074,BLD-RUN-02,svc-build,1,slack.exe,"slack.exe",systemd,,,SHA256=0003c07c0406ed2c0003c07c0406ed2c0003c07c0406ed2c0003c07c0406ed2c
2026-03-13 12:45:18.613,FIN-WS22,riley.kapoor,1,chrome.exe,"chrome.exe",cmd.exe,,,SHA256=00084c48b5730fd800084c48b5730fd800084c48b5730fd800084c48b5730fd8
2026-03-13 12:53:54.233,ENG-MAC-17,jamie.patel,1,outlook.exe,"outlook.exe",cmd.exe,,,SHA256=001fa31ec48cc98c001fa31ec48cc98c001fa31ec48cc98c001fa31ec48cc98c
2026-03-13 12:57:25.299,ENG-MAC-17,taylor.owens,1,outlook.exe,"outlook.exe",systemd,,,SHA256=0002cd349cb2031b0002cd349cb2031b0002cd349cb2031b0002cd349cb2031b
2026-03-13 13:05:31.631,FIN-WS17,alex.chen,1,chrome.exe,"chrome.exe",cmd.exe,,,SHA256=0009d308f42206820009d308f42206820009d308f42206820009d308f4220682
2026-03-13 13:14:42.345,ENG-MAC-04,morgan.sato,1,powershell.exe,"powershell.exe",systemd,,,SHA256=001a498138058a40001a498138058a40001a498138058a40001a498138058a40
2026-03-13 13:24:25.063,FIN-WS17,svc-build,1,git,"git",explorer.exe,,,SHA256=00206561002f8f4c00206561002f8f4c00206561002f8f4c00206561002f8f4c
2026-03-13 13:33:20.429,BLD-RUN-02,morgan.sato,1,powershell.exe,"powershell.exe",cmd.exe,,,SHA256=0022d52dd716af6e0022d52dd716af6e0022d52dd716af6e0022d52dd716af6e
2026-03-13 13:41:59.017,ENG-MAC-17,morgan.sato,1,chrome.exe,"chrome.exe",launchd,,,SHA256=001a746b6faa85df001a746b6faa85df001a746b6faa85df001a746b6faa85df
2026-03-13 13:46:44.429,LINUX-JUMP-01,jamie.patel,1,node,"node",cmd.exe,,,SHA256=001e7b3c98ed3674001e7b3c98ed3674001e7b3c98ed3674001e7b3c98ed3674
2026-03-13 13:54:05.611,BLD-RUN-02,taylor.owens,1,node,"node",explorer.exe,,,SHA256=000acb5995d8cfd2000acb5995d8cfd2000acb5995d8cfd2000acb5995d8cfd2
2026-03-13 14:02:54.024,ENG-MAC-04,jamie.patel,1,powershell.exe,"powershell.exe",cmd.exe,,,SHA256=0005f1cc5c56eb510005f1cc5c56eb510005f1cc5c56eb510005f1cc5c56eb51
2026-03-13 14:06:11.756,ENG-MAC-17,alex.chen,1,powershell.exe,"powershell.exe",explorer.exe,,,SHA256=0010d1ecf72891920010d1ecf72891920010d1ecf72891920010d1ecf7289192
2026-03-13 14:13:03.274,FIN-WS17,morgan.sato,1,powershell.exe,"powershell.exe",cmd.exe,,,SHA256=00160305c63f9d0300160305c63f9d0300160305c63f9d0300160305c63f9d03
2026-03-13 14:20:08.328,BLD-RUN-02,svc-export,1,chrome.exe,"chrome.exe",explorer.exe,,,SHA256=001ca7bb1ae1a3c2001ca7bb1ae1a3c2001ca7bb1ae1a3c2001ca7bb1ae1a3c2
2026-03-13 14:23:32.259,ENG-MAC-17,alex.chen,1,slack.exe,"slack.exe",systemd,,,SHA256=000f362904037093000f362904037093000f362904037093000f362904037093
2026-03-13 14:28:22.238,FIN-WS22,svc-build,1,node,"node",cmd.exe,,,SHA256=00180906a2604ef100180906a2604ef100180906a2604ef100180906a2604ef1
2026-03-13 14:32:56.996,LINUX-JUMP-01,jamie.patel,1,powershell.exe,"powershell.exe",systemd,,,SHA256=0007f62fa45378600007f62fa45378600007f62fa45378600007f62fa4537860
2026-03-13 14:38:40.434,BLD-RUN-02,svc-build,1,git,"git",systemd,,,SHA256=001cd622ebb3d982001cd622ebb3d982001cd622ebb3d982001cd622ebb3d982
2026-03-13 14:43:26.966,FIN-WS17,jamie.patel,1,outlook.exe,"outlook.exe",launchd,,,SHA256=0010c64376cdbbaa0010c64376cdbbaa0010c64376cdbbaa0010c64376cdbbaa
2026-03-13 14:46:32.971,ENG-MAC-04,morgan.sato,1,powershell.exe,"powershell.exe",explorer.exe,,,SHA256=0000633cd228b3d60000633cd228b3d60000633cd228b3d60000633cd228b3d6
2026-03-13 14:55:12.709,FIN-WS22,taylor.owens,1,python3,"python3",systemd,,,SHA256=001cc67116f81a60001cc67116f81a60001cc67116f81a60001cc67116f81a60
2026-03-13 14:58:50.437,ENG-MAC-04,alex.chen,1,git,"git",launchd,,,SHA256=0003152b96c84ebe0003152b96c84ebe0003152b96c84ebe0003152b96c84ebe
2026-03-13 15:04:49.076,ENG-MAC-04,morgan.sato,1,sshd,"sshd",launchd,,,SHA256=0022e04e95f2b92c0022e04e95f2b92c0022e04e95f2b92c0022e04e95f2b92c
2026-03-13 15:16:09.118,ENG-MAC-17,riley.kapoor,1,git,"git",launchd,,,SHA256=000bd35b9ea8e81f000bd35b9ea8e81f000bd35b9ea8e81f000bd35b9ea8e81f
2026-03-13 15:23:32.853,ENG-MAC-17,riley.kapoor,1,git,"git",launchd,,,SHA256=000a403402e3e1bf000a403402e3e1bf000a403402e3e1bf000a403402e3e1bf
2026-03-13 15:32:05.437,FIN-WS22,morgan.sato,1,slack.exe,"slack.exe",systemd,,,SHA256=000239ab77bcd9e5000239ab77bcd9e5000239ab77bcd9e5000239ab77bcd9e5
2026-03-13 15:41:16.580,ENG-MAC-04,alex.chen,1,git,"git",explorer.exe,,,SHA256=0019d8f3ac1783590019d8f3ac1783590019d8f3ac1783590019d8f3ac178359
2026-03-13 15:46:19.311,LINUX-JUMP-01,alex.chen,1,git,"git",systemd,,,SHA256=0000944bf7a5372c0000944bf7a5372c0000944bf7a5372c0000944bf7a5372c
2026-03-13 15:54:53.545,FIN-WS22,morgan.sato,1,python3,"python3",cmd.exe,,,SHA256=00088dbe4369bf9a00088dbe4369bf9a00088dbe4369bf9a00088dbe4369bf9a
2026-03-13 15:58:54.200,FIN-WS22,jamie.patel,1,python3,"python3",cmd.exe,,,SHA256=00184211f242c3ac00184211f242c3ac00184211f242c3ac00184211f242c3ac
2026-03-13 16:03:52.020,LINUX-JUMP-01,svc-build,1,node,"node",explorer.exe,,,SHA256=001a8798432a2f8e001a8798432a2f8e001a8798432a2f8e001a8798432a2f8e
2026-03-13 16:09:19.746,ENG-MAC-04,svc-build,1,git,"git",explorer.exe,,,SHA256=001d9e20d0759164001d9e20d0759164001d9e20d0759164001d9e20d0759164
2026-03-13 16:14:49.964,LINUX-JUMP-01,jamie.patel,1,python3,"python3",systemd,,,SHA256=001f1f6c8a1eccf4001f1f6c8a1eccf4001f1f6c8a1eccf4001f1f6c8a1eccf4
2026-03-13 16:23:11.025,LINUX-JUMP-01,taylor.owens,1,slack.exe,"slack.exe",explorer.exe,,,SHA256=001cfa845b2cd089001cfa845b2cd089001cfa845b2cd089001cfa845b2cd089
2026-03-13 16:33:44.519,BLD-RUN-02,taylor.owens,1,chrome.exe,"chrome.exe",systemd,,,SHA256=0014b37fa336abd00014b37fa336abd00014b37fa336abd00014b37fa336abd0
2026-03-13 16:44:16.562,ENG-MAC-04,svc-build,1,outlook.exe,"outlook.exe",cmd.exe,,,SHA256=000e2ed81e899dae000e2ed81e899dae000e2ed81e899dae000e2ed81e899dae
2026-03-13 16:55:23.769,ENG-MAC-17,taylor.owens,1,powershell.exe,"powershell.exe",explorer.exe,,,SHA256=0001e826247ff0330001e826247ff0330001e826247ff0330001e826247ff033
2026-03-13 17:03:35.385,FIN-WS22,taylor.owens,1,python3,"python3",systemd,,,SHA256=000823d5b01ada37000823d5b01ada37000823d5b01ada37000823d5b01ada37
2026-03-13 17:08:51.338,ENG-MAC-04,morgan.sato,1,powershell.exe,"powershell.exe",launchd,,,SHA256=0014e30a16bdac490014e30a16bdac490014e30a16bdac490014e30a16bdac49
2026-03-13 17:16:21.503,FIN-WS17,jamie.patel,1,slack.exe,"slack.exe",explorer.exe,,,SHA256=00063738c3185afa00063738c3185afa00063738c3185afa00063738c3185afa
2026-03-13 17:23:27.548,FIN-WS22,jamie.patel,1,outlook.exe,"outlook.exe",systemd,,,SHA256=000d09d3669b92a3000d09d3669b92a3000d09d3669b92a3000d09d3669b92a3
2026-03-13 17:33:02.355,FIN-WS17,jamie.patel,1,powershell.exe,"powershell.exe",cmd.exe,,,SHA256=00048881ce7ff93500048881ce7ff93500048881ce7ff93500048881ce7ff935
2026-03-13 17:38:53.966,ENG-MAC-04,alex.chen,1,python3,"python3",explorer.exe,,,SHA256=000a47999703a8c4000a47999703a8c4000a47999703a8c4000a47999703a8c4
2026-03-13 17:42:55.855,FIN-WS17,taylor.owens,1,sshd,"sshd",cmd.exe,,,SHA256=00016256b71e51b700016256b71e51b700016256b71e51b700016256b71e51b7
2026-03-13 17:49:01.300,BLD-RUN-02,jamie.patel,1,git,"git",launchd,,,SHA256=000a4b1c40a765f0000a4b1c40a765f0000a4b1c40a765f0000a4b1c40a765f0
2026-03-13 17:57:38.817,ENG-MAC-04,alex.chen,1,node,"node",launchd,,,SHA256=0008f1c74a813e490008f1c74a813e490008f1c74a813e490008f1c74a813e49
2026-03-13 18:00:43.739,BLD-RUN-02,morgan.sato,1,python3,"python3",systemd,,,SHA256=001cfdaf5e5fea32001cfdaf5e5fea32001cfdaf5e5fea32001cfdaf5e5fea32
2026-03-13 18:06:37.667,ENG-MAC-04,svc-export,1,git,"git",cmd.exe,,,SHA256=000ec9a0a47f555c000ec9a0a47f555c000ec9a0a47f555c000ec9a0a47f555c
2026-03-13 18:17:35.938,ENG-MAC-17,morgan.sato,1,slack.exe,"slack.exe",explorer.exe,,,SHA256=000dadca87e139ad000dadca87e139ad000dadca87e139ad000dadca87e139ad
2026-03-13 18:25:20.444,ENG-MAC-17,morgan.sato,1,powershell.exe,"powershell.exe",launchd,,,SHA256=0013347363b4fbf80013347363b4fbf80013347363b4fbf80013347363b4fbf8
2026-03-13 18:36:31.989,ENG-MAC-17,svc-export,1,chrome.exe,"chrome.exe",explorer.exe,,,SHA256=000dd4d79340a827000dd4d79340a827000dd4d79340a827000dd4d79340a827
2026-03-13 18:40:47.258,ENG-MAC-04,taylor.owens,1,outlook.exe,"outlook.exe",cmd.exe,,,SHA256=0022890c1f00d5e20022890c1f00d5e20022890c1f00d5e20022890c1f00d5e2
2026-03-13 18:46:58.837,LINUX-JUMP-01,taylor.owens,1,outlook.exe,"outlook.exe",explorer.exe,,,SHA256=00147f1578a2e0d200147f1578a2e0d200147f1578a2e0d200147f1578a2e0d2
2026-03-13 18:52:24.471,FIN-WS17,alex.chen,1,python3,"python3",systemd,,,SHA256=000ca4bf097ba00e000ca4bf097ba00e000ca4bf097ba00e000ca4bf097ba00e
2026-03-13 18:57:59.731,ENG-MAC-17,svc-export,1,chrome.exe,"chrome.exe",launchd,,,SHA256=001f1c6ee776365c001f1c6ee776365c001f1c6ee776365c001f1c6ee776365c
2026-03-13 19:06:25.997,ENG-MAC-17,svc-export,1,chrome.exe,"chrome.exe",launchd,,,SHA256=001ed61cabe1c146001ed61cabe1c146001ed61cabe1c146001ed61cabe1c146
2026-03-13 19:14:36.409,BLD-RUN-02,svc-export,1,git,"git",cmd.exe,,,SHA256=00113533aeb5273800113533aeb5273800113533aeb5273800113533aeb52738
2026-03-13 19:19:13.247,BLD-RUN-02,svc-build,1,outlook.exe,"outlook.exe",systemd,,,SHA256=000993f91db71d1a000993f91db71d1a000993f91db71d1a000993f91db71d1a
2026-03-13 19:28:41.874,FIN-WS17,riley.kapoor,1,git,"git",cmd.exe,,,SHA256=000e479541ec422c000e479541ec422c000e479541ec422c000e479541ec422c
2026-03-13 19:36:03.371,FIN-WS22,alex.chen,1,powershell.exe,"powershell.exe",launchd,,,SHA256=001499c5980ff50a001499c5980ff50a001499c5980ff50a001499c5980ff50a
2026-03-13 19:39:48.700,LINUX-JUMP-01,morgan.sato,1,chrome.exe,"chrome.exe",cmd.exe,,,SHA256=001d0c4eb45fd71d001d0c4eb45fd71d001d0c4eb45fd71d001d0c4eb45fd71d
2026-03-13 19:43:23.562,BLD-RUN-02,morgan.sato,1,powershell.exe,"powershell.exe",explorer.exe,,,SHA256=000eae4f575ae3f0000eae4f575ae3f0000eae4f575ae3f0000eae4f575ae3f0
2026-03-13 19:49:00.967,FIN-WS17,taylor.owens,1,sshd,"sshd",systemd,,,SHA256=00012ad1abed201800012ad1abed201800012ad1abed201800012ad1abed2018
2026-03-13 19:52:27.331,FIN-WS17,taylor.owens,1,slack.exe,"slack.exe",explorer.exe,,,SHA256=0009ea6a6e363fb20009ea6a6e363fb20009ea6a6e363fb20009ea6a6e363fb2
2026-03-13 20:03:11.034,ENG-MAC-17,svc-build,1,sshd,"sshd",systemd,,,SHA256=001dc01bf971cea4001dc01bf971cea4001dc01bf971cea4001dc01bf971cea4
2026-03-13 20:08:36.764,FIN-WS17,svc-export,1,git,"git",launchd,,,SHA256=000ddb71f3996d27000ddb71f3996d27000ddb71f3996d27000ddb71f3996d27
2026-03-13 20:14:45.478,ENG-MAC-17,morgan.sato,1,slack.exe,"slack.exe",launchd,,,SHA256=00122cad07d7294600122cad07d7294600122cad07d7294600122cad07d72946
2026-03-13 20:25:52.921,BLD-RUN-02,taylor.owens,1,python3,"python3",explorer.exe,,,SHA256=001b8facab28f249001b8facab28f249001b8facab28f249001b8facab28f249
2026-03-13 20:34:17.674,ENG-MAC-17,morgan.sato,1,slack.exe,"slack.exe",cmd.exe,,,SHA256=001f20a1200a2554001f20a1200a2554001f20a1200a2554001f20a1200a2554
2026-03-13 20:44:24.645,ENG-MAC-04,taylor.owens,1,git,"git",explorer.exe,,,SHA256=001aa21235af529b001aa21235af529b001aa21235af529b001aa21235af529b
2026-03-13 20:54:47.592,FIN-WS22,morgan.sato,1,sshd,"sshd",launchd,,,SHA256=000235ae5e8f28fc000235ae5e8f28fc000235ae5e8f28fc000235ae5e8f28fc
2026-03-13 21:05:44.181,ENG-MAC-17,svc-build,1,node,"node",launchd,,,SHA256=0000df65a26a01db0000df65a26a01db0000df65a26a01db0000df65a26a01db
2026-03-13 21:14:02.522,FIN-WS17,alex.chen,1,node,"node",cmd.exe,,,SHA256=0020c39db15961960020c39db15961960020c39db15961960020c39db1596196
2026-03-13 21:21:06.124,LINUX-JUMP-01,riley.kapoor,1,powershell.exe,"powershell.exe",systemd,,,SHA256=0000e48d16c5f8eb0000e48d16c5f8eb0000e48d16c5f8eb0000e48d16c5f8eb
2026-03-13 21:24:55.564,ENG-MAC-17,riley.kapoor,1,git,"git",launchd,,,SHA256=00091059d1f6da2800091059d1f6da2800091059d1f6da2800091059d1f6da28
2026-03-13 21:28:04.350,LINUX-JUMP-01,morgan.sato,1,powershell.exe,"powershell.exe",systemd,,,SHA256=0006dc011f13b8fb0006dc011f13b8fb0006dc011f13b8fb0006dc011f13b8fb
2026-03-13 21:31:51.851,LINUX-JUMP-01,svc-build,1,powershell.exe,"powershell.exe",explorer.exe,,,SHA256=00097556691fbe3900097556691fbe3900097556691fbe3900097556691fbe39
2026-03-13 21:36:09.700,BLD-RUN-02,taylor.owens,1,node,"node",cmd.exe,,,SHA256=000bd111d2bac8fa000bd111d2bac8fa000bd111d2bac8fa000bd111d2bac8fa
2026-03-13 21:43:15.579,FIN-WS22,svc-export,1,git,"git",cmd.exe,,,SHA256=00213533e91474da00213533e91474da00213533e91474da00213533e91474da
2026-03-13 21:51:09.324,FIN-WS17,riley.kapoor,1,git,"git",explorer.exe,,,SHA256=000a668bd750f93d000a668bd750f93d000a668bd750f93d000a668bd750f93d
2026-03-13 21:57:04.063,FIN-WS17,jamie.patel,1,git,"git",systemd,,,SHA256=000776a6f76a7fef000776a6f76a7fef000776a6f76a7fef000776a6f76a7fef
2026-03-13 22:01:16.688,ENG-MAC-17,jamie.patel,1,powershell.exe,"powershell.exe",systemd,,,SHA256=0012f36126f5f9700012f36126f5f9700012f36126f5f9700012f36126f5f970
2026-03-13 22:05:18.156,FIN-WS22,taylor.owens,1,powershell.exe,"powershell.exe",systemd,,,SHA256=000771f031fb4bc4000771f031fb4bc4000771f031fb4bc4000771f031fb4bc4
2026-03-13 22:08:19.418,LINUX-JUMP-01,alex.chen,1,sshd,"sshd",cmd.exe,,,SHA256=000d39150bfd0cbb000d39150bfd0cbb000d39150bfd0cbb000d39150bfd0cbb
2026-03-13 22:11:31.481,ENG-MAC-17,morgan.sato,1,python3,"python3",systemd,,,SHA256=001dc9d44ac75ad0001dc9d44ac75ad0001dc9d44ac75ad0001dc9d44ac75ad0
2026-03-13 22:18:20.237,BLD-RUN-02,riley.kapoor,1,slack.exe,"slack.exe",explorer.exe,,,SHA256=00220edfbd68e83800220edfbd68e83800220edfbd68e83800220edfbd68e838
2026-03-13 22:28:04.080,ENG-MAC-04,svc-build,1,python3,"python3",cmd.exe,,,SHA256=0011f2bda93679c30011f2bda93679c30011f2bda93679c30011f2bda93679c3
2026-03-13 22:34:24.396,LINUX-JUMP-01,svc-build,1,powershell.exe,"powershell.exe",launchd,,,SHA256=0009b349e89a07930009b349e89a07930009b349e89a07930009b349e89a0793
2026-03-13 22:41:59.172,FIN-WS17,morgan.sato,1,git,"git",launchd,,,SHA256=001e4ca550b6e7d5001e4ca550b6e7d5001e4ca550b6e7d5001e4ca550b6e7d5
2026-03-13 22:46:35.133,ENG-MAC-17,alex.chen,1,chrome.exe,"chrome.exe",explorer.exe,,,SHA256=0018bcfd786104010018bcfd786104010018bcfd786104010018bcfd78610401
2026-03-13 22:55:24.869,FIN-WS22,taylor.owens,1,powershell.exe,"powershell.exe",launchd,,,SHA256=001822c02ba19f50001822c02ba19f50001822c02ba19f50001822c02ba19f50
2026-03-13 23:00:56.789,LINUX-JUMP-01,alex.chen,1,python3,"python3",systemd,,,SHA256=0021b0de21a5b9640021b0de21a5b9640021b0de21a5b9640021b0de21a5b964
2026-03-13 23:07:15.805,FIN-WS17,alex.chen,1,sshd,"sshd",explorer.exe,,,SHA256=00109fc22c5e2a5c00109fc22c5e2a5c00109fc22c5e2a5c00109fc22c5e2a5c
2026-03-13 23:12:13.378,LINUX-JUMP-01,jamie.patel,1,git,"git",systemd,,,SHA256=000faa414bfc45be000faa414bfc45be000faa414bfc45be000faa414bfc45be
2026-03-13 23:18:52.765,BLD-RUN-02,riley.kapoor,1,outlook.exe,"outlook.exe",launchd,,,SHA256=000718564c49b00c000718564c49b00c000718564c49b00c000718564c49b00c
2026-03-13 23:24:28.488,BLD-RUN-02,svc-build,1,outlook.exe,"outlook.exe",cmd.exe,,,SHA256=000c322e53452ed6000c322e53452ed6000c322e53452ed6000c322e53452ed6
2026-03-13 23:33:31.531,LINUX-JUMP-01,svc-export,1,outlook.exe,"outlook.exe",cmd.exe,,,SHA256=000d2ab8d53025a8000d2ab8d53025a8000d2ab8d53025a8000d2ab8d53025a8
2026-03-13 23:41:40.552,FIN-WS22,jamie.patel,1,powershell.exe,"powershell.exe",systemd,,,SHA256=00202c8147b53a2800202c8147b53a2800202c8147b53a2800202c8147b53a28
2026-03-13 23:46:15.264,FIN-WS22,morgan.sato,1,chrome.exe,"chrome.exe",launchd,,,SHA256=000da4f70206d03b000da4f70206d03b000da4f70206d03b000da4f70206d03b
2026-03-13 23:51:05.627,FIN-WS17,svc-export,1,chrome.exe,"chrome.exe",explorer.exe,,,SHA256=001dcd358c17c312001dcd358c17c312001dcd358c17c312001dcd358c17c312
2026-03-14 00:00:57.906,LINUX-JUMP-01,alex.chen,1,powershell.exe,"powershell.exe",launchd,,,SHA256=001a5870dc938260001a5870dc938260001a5870dc938260001a5870dc938260
2026-03-14 00:04:47.959,ENG-MAC-04,jamie.patel,1,git,"git",explorer.exe,,,SHA256=001c4e108f0a9b3a001c4e108f0a9b3a001c4e108f0a9b3a001c4e108f0a9b3a
2026-03-14 00:12:09.170,ENG-MAC-04,svc-export,1,chrome.exe,"chrome.exe",cmd.exe,,,SHA256=0018fac24d4d42470018fac24d4d42470018fac24d4d42470018fac24d4d4247
2026-03-14 00:19:36.737,FIN-WS22,jamie.patel,1,slack.exe,"slack.exe",systemd,,,SHA256=00092451cb15c14300092451cb15c14300092451cb15c14300092451cb15c143
2026-03-14 00:28:04.835,FIN-WS22,svc-export,1,sshd,"sshd",systemd,,,SHA256=000c0c0e5a84440d000c0c0e5a84440d000c0c0e5a84440d000c0c0e5a84440d
2026-03-14 00:32:15.548,FIN-WS17,riley.kapoor,1,node,"node",cmd.exe,,,SHA256=000c7791dfc879b2000c7791dfc879b2000c7791dfc879b2000c7791dfc879b2
2026-03-14 00:40:49.187,BLD-RUN-02,jamie.patel,1,git,"git",cmd.exe,,,SHA256=00052d3d33bf643b00052d3d33bf643b00052d3d33bf643b00052d3d33bf643b
2026-03-14 00:50:29.192,FIN-WS17,svc-build,1,outlook.exe,"outlook.exe",explorer.exe,,,SHA256=000f4f0a481c961d000f4f0a481c961d000f4f0a481c961d000f4f0a481c961d
2026-03-14 00:59:49.554,FIN-WS17,morgan.sato,1,python3,"python3",cmd.exe,,,SHA256=0016f1002ff68e9e0016f1002ff68e9e0016f1002ff68e9e0016f1002ff68e9e
2026-03-14 01:05:20.623,ENG-MAC-04,svc-build,1,python3,"python3",launchd,,,SHA256=000f72f64868f695000f72f64868f695000f72f64868f695000f72f64868f695
2026-03-14 01:13:26.038,LINUX-JUMP-01,morgan.sato,1,powershell.exe,"powershell.exe",explorer.exe,,,SHA256=0016f861c23dbd490016f861c23dbd490016f861c23dbd490016f861c23dbd49
2026-03-14 01:17:48.924,FIN-WS17,svc-build,1,python3,"python3",launchd,,,SHA256=000bcf971f479155000bcf971f479155000bcf971f479155000bcf971f479155
2026-03-14 01:25:52.638,ENG-MAC-04,svc-build,1,git,"git",systemd,,,SHA256=0002be0512ab7be50002be0512ab7be50002be0512ab7be50002be0512ab7be5
2026-03-14 01:30:27.326,FIN-WS22,taylor.owens,1,sshd,"sshd",systemd,,,SHA256=00075c7f5dcf8caa00075c7f5dcf8caa00075c7f5dcf8caa00075c7f5dcf8caa
2026-03-14 01:38:09.114,FIN-WS17,svc-export,1,chrome.exe,"chrome.exe",explorer.exe,,,SHA256=00147aa5d8691b4300147aa5d8691b4300147aa5d8691b4300147aa5d8691b43
2026-03-14 01:42:38.431,LINUX-JUMP-01,svc-export,1,slack.exe,"slack.exe",systemd,,,SHA256=001b50bc28703723001b50bc28703723001b50bc28703723001b50bc28703723
2026-03-14 01:52:16.044,FIN-WS17,jamie.patel,1,slack.exe,"slack.exe",cmd.exe,,,SHA256=000903fcfd0e011a000903fcfd0e011a000903fcfd0e011a000903fcfd0e011a
2026-03-14 01:58:31.909,ENG-MAC-17,morgan.sato,1,powershell.exe,"powershell.exe",cmd.exe,,,SHA256=000c3265fea5e9fb000c3265fea5e9fb000c3265fea5e9fb000c3265fea5e9fb
2026-03-14 02:01:08.662,LINUX-JUMP-01,taylor.owens,1,sshd,"sshd",cmd.exe,,,SHA256=000a7ace582cc022000a7ace582cc022000a7ace582cc022000a7ace582cc022
2026-03-14 02:04:48.061,FIN-WS17,jamie.patel,1,powershell.exe,"powershell.exe",cmd.exe,,,SHA256=0016a1063fc221c60016a1063fc221c60016a1063fc221c60016a1063fc221c6
2026-03-14 02:11:38.188,ENG-MAC-17,taylor.owens,1,node,"node",systemd,,,SHA256=000be1cc87ffe456000be1cc87ffe456000be1cc87ffe456000be1cc87ffe456
2026-03-14 02:16:38.784,LINUX-JUMP-01,morgan.sato,1,git,"git",explorer.exe,,,SHA256=001d36bad70f5959001d36bad70f5959001d36bad70f5959001d36bad70f5959
2026-03-14 02:21:52.493,FIN-WS17,svc-export,1,python3,"python3",cmd.exe,,,SHA256=001b35906dfd9f84001b35906dfd9f84001b35906dfd9f84001b35906dfd9f84
2026-03-14 02:31:35.574,ENG-MAC-17,alex.chen,1,python3,"python3",systemd,,,SHA256=001a5a91fb7272fe001a5a91fb7272fe001a5a91fb7272fe001a5a91fb7272fe
2026-03-14 02:40:21.044,FIN-WS22,alex.chen,1,chrome.exe,"chrome.exe",cmd.exe,,,SHA256=000eaf35596bc217000eaf35596bc217000eaf35596bc217000eaf35596bc217
2026-03-14 02:43:02.351,BLD-RUN-02,jamie.patel,1,sshd,"sshd",launchd,,,SHA256=0009d421b2f9bbd70009d421b2f9bbd70009d421b2f9bbd70009d421b2f9bbd7
2026-03-14 02:53:52.232,ENG-MAC-17,morgan.sato,1,git,"git",cmd.exe,,,SHA256=000855bd2093ac27000855bd2093ac27000855bd2093ac27000855bd2093ac27
2026-03-14 03:00:28.992,LINUX-JUMP-01,svc-export,1,python3,"python3",cmd.exe,,,SHA256=00064f27424bd59100064f27424bd59100064f27424bd59100064f27424bd591
2026-03-14 03:11:44.282,BLD-RUN-02,svc-export,1,git,"git",cmd.exe,,,SHA256=0022c453facf22c00022c453facf22c00022c453facf22c00022c453facf22c0
2026-03-14 03:20:49.612,LINUX-JUMP-01,jamie.patel,1,python3,"python3",explorer.exe,,,SHA256=002021315e10124c002021315e10124c002021315e10124c002021315e10124c
2026-03-14 03:25:14.089,ENG-MAC-17,taylor.owens,1,git,"git",explorer.exe,,,SHA256=00226a546529357200226a546529357200226a546529357200226a5465293572
2026-03-14 03:32:07.724,BLD-RUN-02,svc-export,1,slack.exe,"slack.exe",launchd,,,SHA256=0009a0de4f5e0ec80009a0de4f5e0ec80009a0de4f5e0ec80009a0de4f5e0ec8
2026-03-14 03:40:41.435,FIN-WS22,morgan.sato,1,outlook.exe,"outlook.exe",systemd,,,SHA256=000f6ba7f73ea018000f6ba7f73ea018000f6ba7f73ea018000f6ba7f73ea018
2026-03-14 03:47:38.566,BLD-RUN-02,jamie.patel,1,python3,"python3",cmd.exe,,,SHA256=0021856c35bc96d40021856c35bc96d40021856c35bc96d40021856c35bc96d4
2026-03-14 03:56:09.174,BLD-RUN-02,alex.chen,1,outlook.exe,"outlook.exe",systemd,,,SHA256=000225e05ea654eb000225e05ea654eb000225e05ea654eb000225e05ea654eb
2026-03-14 04:01:56.981,FIN-WS22,riley.kapoor,1,outlook.exe,"outlook.exe",launchd,,,SHA256=0003182726c11ff10003182726c11ff10003182726c11ff10003182726c11ff1
2026-03-14 04:11:53.100,ENG-MAC-04,svc-build,1,node,"node",cmd.exe,,,SHA256=0018441e9e6e1ac80018441e9e6e1ac80018441e9e6e1ac80018441e9e6e1ac8
2026-03-14 04:19:27.383,FIN-WS17,riley.kapoor,1,chrome.exe,"chrome.exe",cmd.exe,,,SHA256=00193470c6d4664d00193470c6d4664d00193470c6d4664d00193470c6d4664d
2026-03-14 04:29:38.329,ENG-MAC-17,morgan.sato,1,sshd,"sshd",explorer.exe,,,SHA256=000a61307edc6bbf000a61307edc6bbf000a61307edc6bbf000a61307edc6bbf
2026-03-14 04:37:30.457,BLD-RUN-02,svc-export,1,outlook.exe,"outlook.exe",explorer.exe,,,SHA256=0011ad4ce73cf7de0011ad4ce73cf7de0011ad4ce73cf7de0011ad4ce73cf7de
2026-03-14 04:44:52.161,ENG-MAC-04,riley.kapoor,1,chrome.exe,"chrome.exe",cmd.exe,,,SHA256=001b882fb1a8ffdf001b882fb1a8ffdf001b882fb1a8ffdf001b882fb1a8ffdf
2026-03-14 04:52:49.357,FIN-WS17,svc-build,1,slack.exe,"slack.exe",systemd,,,SHA256=0006e68cdc56b9db0006e68cdc56b9db0006e68cdc56b9db0006e68cdc56b9db
2026-03-14 05:02:46.501,ENG-MAC-17,svc-build,1,node,"node",systemd,,,SHA256=000244a0a3e8b040000244a0a3e8b040000244a0a3e8b040000244a0a3e8b040
2026-03-14 05:11:56.310,ENG-MAC-04,taylor.owens,1,sshd,"sshd",systemd,,,SHA256=001cd64dfcc5b463001cd64dfcc5b463001cd64dfcc5b463001cd64dfcc5b463
2026-03-14 05:23:16.056,ENG-MAC-04,alex.chen,1,sshd,"sshd",cmd.exe,,,SHA256=0015d2e195509e500015d2e195509e500015d2e195509e500015d2e195509e50
2026-03-14 05:25:48.647,FIN-WS17,riley.kapoor,1,outlook.exe,"outlook.exe",launchd,,,SHA256=000822103c4bb066000822103c4bb066000822103c4bb066000822103c4bb066
2026-03-14 05:29:41.643,FIN-WS17,alex.chen,1,chrome.exe,"chrome.exe",launchd,,,SHA256=000d9fe8c863cb60000d9fe8c863cb60000d9fe8c863cb60000d9fe8c863cb60
2026-03-14 05:36:41.408,LINUX-JUMP-01,morgan.sato,1,powershell.exe,"powershell.exe",launchd,,,SHA256=00227358e09973da00227358e09973da00227358e09973da00227358e09973da
2026-03-14 05:47:21.065,LINUX-JUMP-01,svc-export,1,sshd,"sshd",cmd.exe,,,SHA256=001a0172ea528c71001a0172ea528c71001a0172ea528c71001a0172ea528c71
2026-03-14 05:51:51.794,FIN-WS22,riley.kapoor,1,git,"git",systemd,,,SHA256=000764be047ba819000764be047ba819000764be047ba819000764be047ba819
2026-03-14 05:58:33.146,FIN-WS22,riley.kapoor,1,powershell.exe,"powershell.exe",explorer.exe,,,SHA256=0020adf10d42863a0020adf10d42863a0020adf10d42863a0020adf10d42863a
2026-03-14 06:08:48.868,LINUX-JUMP-01,riley.kapoor,1,python3,"python3",launchd,,,SHA256=000a9b677936b69f000a9b677936b69f000a9b677936b69f000a9b677936b69f
2026-03-14 06:18:13.635,LINUX-JUMP-01,alex.chen,1,node,"node",explorer.exe,,,SHA256=00043f8e6f191d7b00043f8e6f191d7b00043f8e6f191d7b00043f8e6f191d7b
2026-03-14 06:22:50.022,ENG-MAC-04,svc-export,1,slack.exe,"slack.exe",cmd.exe,,,SHA256=000d64f0250727e4000d64f0250727e4000d64f0250727e4000d64f0250727e4
2026-03-14 06:30:44.807,LINUX-JUMP-01,taylor.owens,1,git,"git",explorer.exe,,,SHA256=00042cdea9b6878700042cdea9b6878700042cdea9b6878700042cdea9b68787
2026-03-14 06:36:03.869,FIN-WS17,jamie.patel,1,python3,"python3",explorer.exe,,,SHA256=001d808c98335095001d808c98335095001d808c98335095001d808c98335095
2026-03-14 06:41:53.736,FIN-WS17,alex.chen,1,git,"git",explorer.exe,,,SHA256=0004759ca5fde70e0004759ca5fde70e0004759ca5fde70e0004759ca5fde70e
2026-03-14 06:44:27.318,ENG-MAC-17,taylor.owens,1,powershell.exe,"powershell.exe",explorer.exe,,,SHA256=001832d97ad758fa001832d97ad758fa001832d97ad758fa001832d97ad758fa
2026-03-14 06:49:37.317,BLD-RUN-02,jamie.patel,1,outlook.exe,"outlook.exe",explorer.exe,,,SHA256=000d514c30d0212b000d514c30d0212b000d514c30d0212b000d514c30d0212b
2026-03-14 06:53:02.750,FIN-WS22,svc-build,1,slack.exe,"slack.exe",systemd,,,SHA256=000683bf09a4eaa1000683bf09a4eaa1000683bf09a4eaa1000683bf09a4eaa1
2026-03-14 06:56:25.244,ENG-MAC-17,taylor.owens,1,git,"git",launchd,,,SHA256=000eb7f124b056ad000eb7f124b056ad000eb7f124b056ad000eb7f124b056ad
2026-03-14 06:59:29.295,LINUX-JUMP-01,svc-build,1,node,"node",launchd,,,SHA256=000655b048eb1051000655b048eb1051000655b048eb1051000655b048eb1051
2026-03-14 07:05:55.293,FIN-WS17,jamie.patel,1,node,"node",launchd,,,SHA256=000a17a1514f2da8000a17a1514f2da8000a17a1514f2da8000a17a1514f2da8
2026-03-14 07:13:40.385,ENG-MAC-04,morgan.sato,1,git,"git",explorer.exe,,,SHA256=00002cc18eb5142d00002cc18eb5142d00002cc18eb5142d00002cc18eb5142d
2026-03-14 07:22:28.358,ENG-MAC-17,taylor.owens,1,slack.exe,"slack.exe",launchd,,,SHA256=00231815a91e573c00231815a91e573c00231815a91e573c00231815a91e573c
2026-03-14 07:25:47.833,FIN-WS17,alex.chen,1,powershell.exe,"powershell.exe",explorer.exe,,,SHA256=000079985fc36826000079985fc36826000079985fc36826000079985fc36826
2026-03-14 07:36:13.834,LINUX-JUMP-01,svc-export,1,sshd,"sshd",cmd.exe,,,SHA256=00212f1bd8fdfda600212f1bd8fdfda600212f1bd8fdfda600212f1bd8fdfda6
2026-03-14 07:44:10.848,FIN-WS22,jamie.patel,1,node,"node",systemd,,,SHA256=0022bcb11a83e4a60022bcb11a83e4a60022bcb11a83e4a60022bcb11a83e4a6
2026-03-14 07:52:29.052,LINUX-JUMP-01,svc-export,1,outlook.exe,"outlook.exe",launchd,,,SHA256=000992ba96550688000992ba96550688000992ba96550688000992ba96550688
2026-03-14 08:00:36.509,ENG-MAC-04,taylor.owens,1,chrome.exe,"chrome.exe",cmd.exe,,,SHA256=0021efc70526e9780021efc70526e9780021efc70526e9780021efc70526e978
2026-03-14 08:10:39.608,FIN-WS22,alex.chen,1,powershell.exe,"powershell.exe",systemd,,,SHA256=0009c9eaa1fc55740009c9eaa1fc55740009c9eaa1fc55740009c9eaa1fc5574
2026-03-14 08:21:56.345,FIN-WS22,svc-export,1,slack.exe,"slack.exe",systemd,,,SHA256=000dca604d692cfc000dca604d692cfc000dca604d692cfc000dca604d692cfc
2026-03-14 08:24:40.546,FIN-WS17,alex.chen,1,node,"node",launchd,,,SHA256=0008e6b7a6a47abd0008e6b7a6a47abd0008e6b7a6a47abd0008e6b7a6a47abd
2026-03-14 08:34:11.796,ENG-MAC-17,riley.kapoor,1,sshd,"sshd",systemd,,,SHA256=0011a39ccb00458b0011a39ccb00458b0011a39ccb00458b0011a39ccb00458b
2026-03-14 08:44:01.475,ENG-MAC-17,morgan.sato,1,git,"git",explorer.exe,,,SHA256=0013800753d37a800013800753d37a800013800753d37a800013800753d37a80
2026-03-14 08:55:19.445,BLD-RUN-02,svc-export,1,slack.exe,"slack.exe",cmd.exe,,,SHA256=00092013ac9c392600092013ac9c392600092013ac9c392600092013ac9c3926
2026-03-14 08:58:11.831,FIN-WS17,riley.kapoor,1,node,"node",systemd,,,SHA256=0018d810f77497ef0018d810f77497ef0018d810f77497ef0018d810f77497ef
2026-03-14 09:01:15.059,ENG-MAC-04,taylor.owens,1,sshd,"sshd",explorer.exe,,,SHA256=0012512022a39f650012512022a39f650012512022a39f650012512022a39f65
2026-03-14 09:04:45.637,ENG-MAC-17,jamie.patel,1,git,"git",launchd,,,SHA256=001b824abf3750df001b824abf3750df001b824abf3750df001b824abf3750df
2026-03-14 09:15:53.576,ENG-MAC-17,morgan.sato,1,python3,"python3",cmd.exe,,,SHA256=000125ff3ca8219d000125ff3ca8219d000125ff3ca8219d000125ff3ca8219d
2026-03-14 09:18:38.195,BLD-RUN-02,jamie.patel,1,chrome.exe,"chrome.exe",systemd,,,SHA256=000f5c0c4a5cf593000f5c0c4a5cf593000f5c0c4a5cf593000f5c0c4a5cf593
2026-03-14 09:23:10.315,ENG-MAC-17,morgan.sato,1,node,"node",explorer.exe,,,SHA256=0011cf2bc2a165520011cf2bc2a165520011cf2bc2a165520011cf2bc2a16552
2026-03-14 09:33:50.320,FIN-WS17,svc-export,1,git,"git",systemd,,,SHA256=000ad25b2e0e88c9000ad25b2e0e88c9000ad25b2e0e88c9000ad25b2e0e88c9
2026-03-14 09:45:06.810,ENG-MAC-17,alex.chen,1,slack.exe,"slack.exe",cmd.exe,,,SHA256=001e15174807acde001e15174807acde001e15174807acde001e15174807acde
2026-03-14 09:48:08.807,ENG-MAC-17,svc-export,1,outlook.exe,"outlook.exe",launchd,,,SHA256=00170b9a4cbad40500170b9a4cbad40500170b9a4cbad40500170b9a4cbad405
2026-03-14 09:52:32.787,FIN-WS22,morgan.sato,1,outlook.exe,"outlook.exe",cmd.exe,,,SHA256=000c140b593eba61000c140b593eba61000c140b593eba61000c140b593eba61
2026-03-14 10:02:54.988,ENG-MAC-17,jamie.patel,1,node,"node",launchd,,,SHA256=000fa524faf4dc1c000fa524faf4dc1c000fa524faf4dc1c000fa524faf4dc1c
2026-03-14 10:09:53.933,FIN-WS22,riley.kapoor,1,powershell.exe,"powershell.exe",explorer.exe,,,SHA256=000be0512713c0eb000be0512713c0eb000be0512713c0eb000be0512713c0eb
2026-03-14 10:13:26.317,FIN-WS22,alex.chen,1,powershell.exe,"powershell.exe",explorer.exe,,,SHA256=000b969b883b2202000b969b883b2202000b969b883b2202000b969b883b2202
2026-03-14 10:17:03.236,FIN-WS22,morgan.sato,1,chrome.exe,"chrome.exe",explorer.exe,,,SHA256=0017a1294e876fe70017a1294e876fe70017a1294e876fe70017a1294e876fe7
2026-03-14 10:22:59.090,ENG-MAC-04,morgan.sato,1,python3,"python3",explorer.exe,,,SHA256=0003d413b1335bd60003d413b1335bd60003d413b1335bd60003d413b1335bd6
2026-03-14 10:27:11.787,BLD-RUN-02,riley.kapoor,1,outlook.exe,"outlook.exe",cmd.exe,,,SHA256=00006d29a3da64c800006d29a3da64c800006d29a3da64c800006d29a3da64c8
2026-03-14 10:36:53.494,LINUX-JUMP-01,svc-export,1,git,"git",launchd,,,SHA256=00182e1a6829922e00182e1a6829922e00182e1a6829922e00182e1a6829922e
2026-03-14 10:42:03.072,ENG-MAC-04,alex.chen,1,powershell.exe,"powershell.exe",cmd.exe,,,SHA256=001b55cd95f98ef9001b55cd95f98ef9001b55cd95f98ef9001b55cd95f98ef9
2026-03-14 10:46:45.335,BLD-RUN-02,riley.kapoor,1,slack.exe,"slack.exe",explorer.exe,,,SHA256=00154540417dcd9e00154540417dcd9e00154540417dcd9e00154540417dcd9e
2026-03-14 10:55:52.900,BLD-RUN-02,svc-export,1,git,"git",launchd,,,SHA256=0007edc4100552000007edc4100552000007edc4100552000007edc410055200
2026-03-14 11:04:01.892,FIN-WS17,jamie.patel,1,python3,"python3",launchd,,,SHA256=0018686e77f2c08d0018686e77f2c08d0018686e77f2c08d0018686e77f2c08d
2026-03-14 11:10:05.246,BLD-RUN-02,svc-export,1,python3,"python3",launchd,,,SHA256=0002d29c2e5071f40002d29c2e5071f40002d29c2e5071f40002d29c2e5071f4
2026-03-14 11:13:02.499,ENG-MAC-04,svc-export,1,sshd,"sshd",cmd.exe,,,SHA256=000d46960022193a000d46960022193a000d46960022193a000d46960022193a
2026-03-14 11:22:12.395,LINUX-JUMP-01,taylor.owens,1,powershell.exe,"powershell.exe",systemd,,,SHA256=0016d9ade86216210016d9ade86216210016d9ade86216210016d9ade8621621
2026-03-14 11:32:37.548,LINUX-JUMP-01,svc-build,1,sshd,"sshd",cmd.exe,,,SHA256=0017956246aa680c0017956246aa680c0017956246aa680c0017956246aa680c
2026-03-14 11:40:35.928,FIN-WS22,taylor.owens,1,outlook.exe,"outlook.exe",systemd,,,SHA256=0006d8fc002c6df70006d8fc002c6df70006d8fc002c6df70006d8fc002c6df7
2026-03-14 11:43:22.765,BLD-RUN-02,svc-build,1,git,"git",cmd.exe,,,SHA256=0020edd1977ec6180020edd1977ec6180020edd1977ec6180020edd1977ec618
2026-03-14 11:52:03.180,FIN-WS22,jamie.patel,1,chrome.exe,"chrome.exe",launchd,,,SHA256=000c5b986785c439000c5b986785c439000c5b986785c439000c5b986785c439
2026-03-14 11:54:38.711,ENG-MAC-17,jamie.patel,1,node,"node",explorer.exe,,,SHA256=0020a80c42c8a7f80020a80c42c8a7f80020a80c42c8a7f80020a80c42c8a7f8
2026-03-14 12:05:01.961,ENG-MAC-17,svc-export,1,outlook.exe,"outlook.exe",explorer.exe,,,SHA256=0010f5c50d500c650010f5c50d500c650010f5c50d500c650010f5c50d500c65
2026-03-14 12:12:08.594,ENG-MAC-04,taylor.owens,1,python3,"python3",cmd.exe,,,SHA256=00195d91e46988c800195d91e46988c800195d91e46988c800195d91e46988c8
2026-03-14 12:23:14.421,ENG-MAC-04,alex.chen,1,outlook.exe,"outlook.exe",launchd,,,SHA256=000fc8df56cf3660000fc8df56cf3660000fc8df56cf3660000fc8df56cf3660
2026-03-14 12:31:20.605,ENG-MAC-04,svc-build,1,outlook.exe,"outlook.exe",launchd,,,SHA256=00105916bce3598200105916bce3598200105916bce3598200105916bce35982
2026-03-14 12:35:39.098,BLD-RUN-02,morgan.sato,1,outlook.exe,"outlook.exe",explorer.exe,,,SHA256=000851859d3fd466000851859d3fd466000851859d3fd466000851859d3fd466
2026-03-14 12:46:24.121,FIN-WS22,svc-build,1,outlook.exe,"outlook.exe",cmd.exe,,,SHA256=00050f42c6dce07d00050f42c6dce07d00050f42c6dce07d00050f42c6dce07d
2026-03-14 12:57:08.291,FIN-WS17,svc-export,1,chrome.exe,"chrome.exe",systemd,,,SHA256=000964572ffedf30000964572ffedf30000964572ffedf30000964572ffedf30
2026-03-14 12:59:42.218,FIN-WS22,morgan.sato,1,outlook.exe,"outlook.exe",explorer.exe,,,SHA256=001b243340287542001b243340287542001b243340287542001b243340287542
2026-03-14 13:02:16.023,ENG-MAC-17,alex.chen,1,python3,"python3",explorer.exe,,,SHA256=000ef5bd58fda465000ef5bd58fda465000ef5bd58fda465000ef5bd58fda465
2026-03-14 13:07:46.096,LINUX-JUMP-01,jamie.patel,1,git,"git",explorer.exe,,,SHA256=00162bc87b1bc49200162bc87b1bc49200162bc87b1bc49200162bc87b1bc492
2026-03-14 13:10:50.009,ENG-MAC-17,svc-build,1,git,"git",systemd,,,SHA256=000446b23c312b44000446b23c312b44000446b23c312b44000446b23c312b44
2026-03-14 13:15:30.125,FIN-WS17,alex.chen,1,outlook.exe,"outlook.exe",systemd,,,SHA256=0015bf77240b88b30015bf77240b88b30015bf77240b88b30015bf77240b88b3
2026-03-14 13:23:09.144,FIN-WS17,jamie.patel,1,powershell.exe,"powershell.exe",systemd,,,SHA256=00216b4496db9b9200216b4496db9b9200216b4496db9b9200216b4496db9b92
2026-03-14 13:31:29.340,LINUX-JUMP-01,svc-export,1,git,"git",cmd.exe,,,SHA256=001887c2ca8e6201001887c2ca8e6201001887c2ca8e6201001887c2ca8e6201
2026-03-14 13:36:06.153,BLD-RUN-02,taylor.owens,1,python3,"python3",cmd.exe,,,SHA256=0016270452b172bf0016270452b172bf0016270452b172bf0016270452b172bf
2026-03-14 13:46:14.349,FIN-WS17,jamie.patel,1,slack.exe,"slack.exe",systemd,,,SHA256=0023109fa2793bb20023109fa2793bb20023109fa2793bb20023109fa2793bb2
2026-03-14 13:53:23.186,ENG-MAC-17,taylor.owens,1,outlook.exe,"outlook.exe",launchd,,,SHA256=00116280e4ad935e00116280e4ad935e00116280e4ad935e00116280e4ad935e
2026-03-14 13:58:01.746,ENG-MAC-17,riley.kapoor,1,python3,"python3",explorer.exe,,,SHA256=00060fd2e1a2e8eb00060fd2e1a2e8eb00060fd2e1a2e8eb00060fd2e1a2e8eb
2026-03-14 14:08:26.257,BLD-RUN-02,jamie.patel,1,python3,"python3",explorer.exe,,,SHA256=0014114a17277ac60014114a17277ac60014114a17277ac60014114a17277ac6
2026-03-14 14:11:11.236,ENG-MAC-17,morgan.sato,1,powershell.exe,"powershell.exe",explorer.exe,,,SHA256=0001154cb77ce6020001154cb77ce6020001154cb77ce6020001154cb77ce602
2026-03-14 14:16:52.541,ENG-MAC-04,morgan.sato,1,slack.exe,"slack.exe",explorer.exe,,,SHA256=0022734bafdb29040022734bafdb29040022734bafdb29040022734bafdb2904
2026-03-14 14:21:23.801,LINUX-JUMP-01,alex.chen,1,powershell.exe,"powershell.exe",cmd.exe,,,SHA256=000f51868da66a15000f51868da66a15000f51868da66a15000f51868da66a15
2026-03-14 14:27:22.688,FIN-WS22,svc-export,1,git,"git",cmd.exe,,,SHA256=000cbb94c5668702000cbb94c5668702000cbb94c5668702000cbb94c5668702
2026-03-14 14:33:48.382,FIN-WS17,morgan.sato,1,sshd,"sshd",systemd,,,SHA256=0002570864ee34ca0002570864ee34ca0002570864ee34ca0002570864ee34ca
2026-03-14 14:37:18.420,ENG-MAC-04,morgan.sato,1,node,"node",systemd,,,SHA256=001085640f4256fc001085640f4256fc001085640f4256fc001085640f4256fc
2026-03-14 14:42:27.649,ENG-MAC-04,taylor.owens,1,slack.exe,"slack.exe",cmd.exe,,,SHA256=001820e8e295c467001820e8e295c467001820e8e295c467001820e8e295c467
2026-03-14 14:49:23.810,FIN-WS22,alex.chen,1,slack.exe,"slack.exe",cmd.exe,,,SHA256=0001ad6fbd92fb210001ad6fbd92fb210001ad6fbd92fb210001ad6fbd92fb21
2026-03-14 14:56:46.578,FIN-WS22,jamie.patel,1,slack.exe,"slack.exe",explorer.exe,,,SHA256=0018367b008ce0140018367b008ce0140018367b008ce0140018367b008ce014
2026-03-14 14:59:16.774,ENG-MAC-04,riley.kapoor,1,outlook.exe,"outlook.exe",systemd,,,SHA256=001b960b08849e88001b960b08849e88001b960b08849e88001b960b08849e88
2026-03-14 15:02:30.673,LINUX-JUMP-01,alex.chen,1,slack.exe,"slack.exe",systemd,,,SHA256=000ba030a670a26d000ba030a670a26d000ba030a670a26d000ba030a670a26d
2026-03-14 15:11:35.416,BLD-RUN-02,riley.kapoor,1,python3,"python3",cmd.exe,,,SHA256=001ef805be678c54001ef805be678c54001ef805be678c54001ef805be678c54
2026-03-14 15:18:53.784,BLD-RUN-02,jamie.patel,1,sshd,"sshd",cmd.exe,,,SHA256=001f2d9496e1704d001f2d9496e1704d001f2d9496e1704d001f2d9496e1704d
2026-03-14 15:22:52.000,FIN-WS22,alex.chen,1,outlook.exe,"outlook.exe",launchd,,,SHA256=00129153a7e1c12a00129153a7e1c12a00129153a7e1c12a00129153a7e1c12a
2026-03-14 15:26:18.619,ENG-MAC-17,jamie.patel,1,outlook.exe,"outlook.exe",launchd,,,SHA256=000ef8eb73c787d8000ef8eb73c787d8000ef8eb73c787d8000ef8eb73c787d8
2026-03-14 15:37:25.456,FIN-WS22,jamie.patel,1,git,"git",explorer.exe,,,SHA256=000e398d701002d1000e398d701002d1000e398d701002d1000e398d701002d1
2026-03-14 15:47:06.148,LINUX-JUMP-01,riley.kapoor,1,node,"node",explorer.exe,,,SHA256=0009c333055913c90009c333055913c90009c333055913c90009c333055913c9
2026-03-14 15:53:51.430,FIN-WS22,alex.chen,1,python3,"python3",explorer.exe,,,SHA256=001c7ab8b3fb0a29001c7ab8b3fb0a29001c7ab8b3fb0a29001c7ab8b3fb0a29
2026-03-14 15:58:53.249,FIN-WS17,taylor.owens,1,node,"node",systemd,,,SHA256=0004aadbd480eefc0004aadbd480eefc0004aadbd480eefc0004aadbd480eefc
2026-03-14 16:09:47.039,ENG-MAC-04,alex.chen,1,python3,"python3",cmd.exe,,,SHA256=0007effb8aec8b500007effb8aec8b500007effb8aec8b500007effb8aec8b50
2026-03-14 16:20:51.043,ENG-MAC-17,svc-build,1,slack.exe,"slack.exe",systemd,,,SHA256=000db7373b5d843d000db7373b5d843d000db7373b5d843d000db7373b5d843d
2026-03-14 16:26:55.598,BLD-RUN-02,svc-build,1,chrome.exe,"chrome.exe",launchd,,,SHA256=000ec52ff3282812000ec52ff3282812000ec52ff3282812000ec52ff3282812
2026-03-14 16:38:19.520,FIN-WS17,alex.chen,1,outlook.exe,"outlook.exe",cmd.exe,,,SHA256=000ac3e791e17652000ac3e791e17652000ac3e791e17652000ac3e791e17652
2026-03-14 16:49:34.717,ENG-MAC-17,taylor.owens,1,node,"node",systemd,,,SHA256=0007665b40a398900007665b40a398900007665b40a398900007665b40a39890
2026-03-14 16:56:07.144,LINUX-JUMP-01,jamie.patel,1,chrome.exe,"chrome.exe",systemd,,,SHA256=0021c44d73a3fc460021c44d73a3fc460021c44d73a3fc460021c44d73a3fc46
2026-03-14 17:06:59.292,ENG-MAC-17,svc-build,1,git,"git",explorer.exe,,,SHA256=001765abbd719633001765abbd719633001765abbd719633001765abbd719633
2026-03-14 17:15:47.300,LINUX-JUMP-01,svc-build,1,node,"node",systemd,,,SHA256=00029fd41d491df500029fd41d491df500029fd41d491df500029fd41d491df5
2026-03-14 17:24:09.047,BLD-RUN-02,riley.kapoor,1,sshd,"sshd",launchd,,,SHA256=000b4eb0125754d1000b4eb0125754d1000b4eb0125754d1000b4eb0125754d1
2026-03-14 17:33:16.525,LINUX-JUMP-01,svc-export,1,git,"git",systemd,,,SHA256=000bb5ee537c3cdf000bb5ee537c3cdf000bb5ee537c3cdf000bb5ee537c3cdf
2026-03-14 17:40:58.381,BLD-RUN-02,taylor.owens,1,git,"git",cmd.exe,,,SHA256=00179c0c8fdd962000179c0c8fdd962000179c0c8fdd962000179c0c8fdd9620
2026-03-14 17:45:02.611,ENG-MAC-04,riley.kapoor,1,node,"node",cmd.exe,,,SHA256=001391132e339528001391132e339528001391132e339528001391132e339528
2026-03-14 17:52:44.442,ENG-MAC-17,taylor.owens,1,chrome.exe,"chrome.exe",cmd.exe,,,SHA256=002349db2635a35a002349db2635a35a002349db2635a35a002349db2635a35a
2026-03-14 18:04:03.803,ENG-MAC-17,svc-build,1,powershell.exe,"powershell.exe",systemd,,,SHA256=0022598b5fe0a2ec0022598b5fe0a2ec0022598b5fe0a2ec0022598b5fe0a2ec
2026-03-14 18:10:17.431,LINUX-JUMP-01,jamie.patel,1,slack.exe,"slack.exe",cmd.exe,,,SHA256=000b689c0ce0b92f000b689c0ce0b92f000b689c0ce0b92f000b689c0ce0b92f
2026-03-14 18:14:43.409,FIN-WS17,svc-export,1,node,"node",systemd,,,SHA256=00138a6b092c97cc00138a6b092c97cc00138a6b092c97cc00138a6b092c97cc
2026-03-14 18:19:15.298,FIN-WS17,taylor.owens,1,chrome.exe,"chrome.exe",cmd.exe,,,SHA256=00034f9f3ce0b1f200034f9f3ce0b1f200034f9f3ce0b1f200034f9f3ce0b1f2
2026-03-14 18:24:57.302,ENG-MAC-04,riley.kapoor,1,chrome.exe,"chrome.exe",cmd.exe,,,SHA256=002046e87cf44cb4002046e87cf44cb4002046e87cf44cb4002046e87cf44cb4
2026-03-14 18:29:13.098,LINUX-JUMP-01,morgan.sato,1,sshd,"sshd",launchd,,,SHA256=001a68990c67f9fe001a68990c67f9fe001a68990c67f9fe001a68990c67f9fe
2026-03-14 18:40:34.889,ENG-MAC-17,alex.chen,1,git,"git",cmd.exe,,,SHA256=000e38a16bc85beb000e38a16bc85beb000e38a16bc85beb000e38a16bc85beb
2026-03-14 18:50:35.404,ENG-MAC-17,morgan.sato,1,git,"git",systemd,,,SHA256=000e5805633e1a68000e5805633e1a68000e5805633e1a68000e5805633e1a68
2026-03-14 19:01:07.253,FIN-WS22,riley.kapoor,1,powershell.exe,"powershell.exe",systemd,,,SHA256=000dc91920cc4f60000dc91920cc4f60000dc91920cc4f60000dc91920cc4f60
2026-03-14 19:08:28.303,FIN-WS22,morgan.sato,1,slack.exe,"slack.exe",launchd,,,SHA256=000b0befdbfa65ea000b0befdbfa65ea000b0befdbfa65ea000b0befdbfa65ea
2026-03-14 19:18:59.324,ENG-MAC-17,alex.chen,1,sshd,"sshd",systemd,,,SHA256=001cb1d970d30f32001cb1d970d30f32001cb1d970d30f32001cb1d970d30f32
2026-03-14 19:24:45.627,FIN-WS17,taylor.owens,1,powershell.exe,"powershell.exe",launchd,,,SHA256=00190a909751940e00190a909751940e00190a909751940e00190a909751940e
2026-03-14 19:35:16.016,BLD-RUN-02,svc-build,1,python3,"python3",explorer.exe,,,SHA256=0010c8592f2cfc800010c8592f2cfc800010c8592f2cfc800010c8592f2cfc80
2026-03-14 19:39:12.184,ENG-MAC-17,riley.kapoor,1,outlook.exe,"outlook.exe",systemd,,,SHA256=00098560cb80569800098560cb80569800098560cb80569800098560cb805698
2026-03-14 19:41:55.435,FIN-WS22,jamie.patel,1,sshd,"sshd",launchd,,,SHA256=001bd66e2bbb6471001bd66e2bbb6471001bd66e2bbb6471001bd66e2bbb6471
2026-03-14 19:49:04.891,ENG-MAC-04,jamie.patel,1,sshd,"sshd",explorer.exe,,,SHA256=000e43a978c13537000e43a978c13537000e43a978c13537000e43a978c13537
2026-03-14 19:59:35.351,FIN-WS17,alex.chen,1,python3,"python3",cmd.exe,,,SHA256=001b65628c823785001b65628c823785001b65628c823785001b65628c823785
2026-03-14 20:03:40.839,LINUX-JUMP-01,taylor.owens,1,slack.exe,"slack.exe",cmd.exe,,,SHA256=001f7116bb5d3b6f001f7116bb5d3b6f001f7116bb5d3b6f001f7116bb5d3b6f
2026-03-14 20:07:42.294,LINUX-JUMP-01,svc-build,1,outlook.exe,"outlook.exe",launchd,,,SHA256=00168cf899be311c00168cf899be311c00168cf899be311c00168cf899be311c
2026-03-14 20:17:39.426,ENG-MAC-17,taylor.owens,1,slack.exe,"slack.exe",cmd.exe,,,SHA256=00197a28993244bf00197a28993244bf00197a28993244bf00197a28993244bf
2026-03-14 20:22:05.704,LINUX-JUMP-01,jamie.patel,1,git,"git",explorer.exe,,,SHA256=000762092716db45000762092716db45000762092716db45000762092716db45
2026-03-14 20:28:53.842,ENG-MAC-17,jamie.patel,1,slack.exe,"slack.exe",launchd,,,SHA256=0006850ae8e7f3190006850ae8e7f3190006850ae8e7f3190006850ae8e7f319
2026-03-14 20:34:42.755,BLD-RUN-02,svc-export,1,powershell.exe,"powershell.exe",cmd.exe,,,SHA256=000094088b491aca000094088b491aca000094088b491aca000094088b491aca
2026-03-14 20:44:25.303,ENG-MAC-04,svc-build,1,python3,"python3",cmd.exe,,,SHA256=000ff71a8cfc9b82000ff71a8cfc9b82000ff71a8cfc9b82000ff71a8cfc9b82
2026-03-14 20:47:32.532,FIN-WS17,svc-build,1,outlook.exe,"outlook.exe",explorer.exe,,,SHA256=001e571d768b2f7c001e571d768b2f7c001e571d768b2f7c001e571d768b2f7c
2026-03-14 20:51:21.545,BLD-RUN-02,morgan.sato,1,slack.exe,"slack.exe",cmd.exe,,,SHA256=0007edf22806b5060007edf22806b5060007edf22806b5060007edf22806b506
2026-03-14 20:54:21.420,FIN-WS22,svc-export,1,chrome.exe,"chrome.exe",launchd,,,SHA256=0001a816735d54ba0001a816735d54ba0001a816735d54ba0001a816735d54ba
2026-03-14 20:57:59.249,FIN-WS22,alex.chen,1,outlook.exe,"outlook.exe",systemd,,,SHA256=000a40ffd8c295e2000a40ffd8c295e2000a40ffd8c295e2000a40ffd8c295e2
2026-03-14 21:02:14.655,ENG-MAC-04,alex.chen,1,slack.exe,"slack.exe",systemd,,,SHA256=001d565354fc6e47001d565354fc6e47001d565354fc6e47001d565354fc6e47
2026-03-14 21:13:18.151,LINUX-JUMP-01,svc-export,1,sshd,"sshd",explorer.exe,,,SHA256=0021cdc2ceda8aec0021cdc2ceda8aec0021cdc2ceda8aec0021cdc2ceda8aec
2026-03-14 21:22:32.129,ENG-MAC-17,riley.kapoor,1,chrome.exe,"chrome.exe",launchd,,,SHA256=00113f282f296d4c00113f282f296d4c00113f282f296d4c00113f282f296d4c
2026-03-14 21:33:32.743,FIN-WS17,svc-build,1,chrome.exe,"chrome.exe",cmd.exe,,,SHA256=0018d2542f9e95430018d2542f9e95430018d2542f9e95430018d2542f9e9543
2026-03-14 21:36:59.646,FIN-WS22,taylor.owens,1,node,"node",explorer.exe,,,SHA256=00089ee7abf559aa00089ee7abf559aa00089ee7abf559aa00089ee7abf559aa
2026-03-14 21:47:35.587,FIN-WS22,riley.kapoor,1,slack.exe,"slack.exe",cmd.exe,,,SHA256=0015dfd19ecd5a3e0015dfd19ecd5a3e0015dfd19ecd5a3e0015dfd19ecd5a3e
2026-03-14 21:52:49.991,LINUX-JUMP-01,jamie.patel,1,powershell.exe,"powershell.exe",systemd,,,SHA256=002298aeb3a32b84002298aeb3a32b84002298aeb3a32b84002298aeb3a32b84
2026-03-14 21:57:04.395,BLD-RUN-02,riley.kapoor,1,python3,"python3",cmd.exe,,,SHA256=000ccbfe102d1190000ccbfe102d1190000ccbfe102d1190000ccbfe102d1190
2026-03-14 22:07:21.244,LINUX-JUMP-01,riley.kapoor,1,chrome.exe,"chrome.exe",explorer.exe,,,SHA256=0008da143a13e1090008da143a13e1090008da143a13e1090008da143a13e109
2026-03-14 22:17:33.142,ENG-MAC-17,jamie.patel,1,node,"node",explorer.exe,,,SHA256=001a34a0cb807dba001a34a0cb807dba001a34a0cb807dba001a34a0cb807dba
2026-03-14 22:26:42.944,BLD-RUN-02,riley.kapoor,1,sshd,"sshd",explorer.exe,,,SHA256=000bf7ee029b7c88000bf7ee029b7c88000bf7ee029b7c88000bf7ee029b7c88
2026-03-14 22:38:05.609,ENG-MAC-04,alex.chen,1,powershell.exe,"powershell.exe",systemd,,,SHA256=00064662ef383ab500064662ef383ab500064662ef383ab500064662ef383ab5
2026-03-14 22:44:33.806,BLD-RUN-02,taylor.owens,1,slack.exe,"slack.exe",cmd.exe,,,SHA256=0003820da028d6b00003820da028d6b00003820da028d6b00003820da028d6b0
2026-03-14 22:48:57.892,ENG-MAC-04,taylor.owens,1,sshd,"sshd",systemd,,,SHA256=00171d2c934ceee000171d2c934ceee000171d2c934ceee000171d2c934ceee0
2026-03-14 22:56:57.835,ENG-MAC-17,svc-build,1,python3,"python3",systemd,,,SHA256=0021b990759371280021b990759371280021b990759371280021b99075937128
2026-03-14 23:00:14.513,ENG-MAC-17,svc-build,1,python3,"python3",cmd.exe,,,SHA256=001dedc2b2f92a25001dedc2b2f92a25001dedc2b2f92a25001dedc2b2f92a25
2026-03-14 23:08:18.783,ENG-MAC-04,riley.kapoor,1,python3,"python3",explorer.exe,,,SHA256=000aab1f33d9b54e000aab1f33d9b54e000aab1f33d9b54e000aab1f33d9b54e
2026-03-14 23:16:30.907,ENG-MAC-04,svc-export,1,git,"git",cmd.exe,,,SHA256=001549b3b4a7ff71001549b3b4a7ff71001549b3b4a7ff71001549b3b4a7ff71
2026-03-14 23:27:36.049,ENG-MAC-17,taylor.owens,1,slack.exe,"slack.exe",cmd.exe,,,SHA256=0005c75982c04b510005c75982c04b510005c75982c04b510005c75982c04b51
2026-03-14 23:33:53.192,ENG-MAC-04,alex.chen,1,chrome.exe,"chrome.exe",launchd,,,SHA256=00229a7b8d35a45400229a7b8d35a45400229a7b8d35a45400229a7b8d35a454
2026-03-14 23:40:38.232,FIN-WS17,taylor.owens,1,python3,"python3",cmd.exe,,,SHA256=001d6279ca797574001d6279ca797574001d6279ca797574001d6279ca797574
2026-03-14 23:50:54.238,FIN-WS22,svc-build,1,powershell.exe,"powershell.exe",cmd.exe,,,SHA256=000e41ac139fa2f6000e41ac139fa2f6000e41ac139fa2f6000e41ac139fa2f6
2026-03-15 00:00:33.657,ENG-MAC-04,morgan.sato,1,python3,"python3",launchd,,,SHA256=001c4845f45e9b9b001c4845f45e9b9b001c4845f45e9b9b001c4845f45e9b9b
2026-03-15 00:09:03.185,BLD-RUN-02,alex.chen,1,python3,"python3",systemd,,,SHA256=001c87f262ff6a3d001c87f262ff6a3d001c87f262ff6a3d001c87f262ff6a3d
2026-03-15 00:15:10.359,LINUX-JUMP-01,jamie.patel,1,chrome.exe,"chrome.exe",cmd.exe,,,SHA256=000dcc641a9e7319000dcc641a9e7319000dcc641a9e7319000dcc641a9e7319
2026-03-15 00:22:53.685,BLD-RUN-02,svc-export,1,chrome.exe,"chrome.exe",systemd,,,SHA256=0017e5849db5483a0017e5849db5483a0017e5849db5483a0017e5849db5483a
2026-03-15 00:27:21.095,ENG-MAC-04,taylor.owens,1,git,"git",explorer.exe,,,SHA256=001877381c2c6ebc001877381c2c6ebc001877381c2c6ebc001877381c2c6ebc
2026-03-15 00:37:54.268,ENG-MAC-04,svc-build,1,node,"node",systemd,,,SHA256=000f5db4f4ca1adb000f5db4f4ca1adb000f5db4f4ca1adb000f5db4f4ca1adb
2026-03-15 00:47:02.092,FIN-WS17,alex.chen,1,slack.exe,"slack.exe",explorer.exe,,,SHA256=001b1d9673796317001b1d9673796317001b1d9673796317001b1d9673796317
2026-03-15 00:52:32.348,BLD-RUN-02,jamie.patel,1,git,"git",cmd.exe,,,SHA256=0015d085cd9142cd0015d085cd9142cd0015d085cd9142cd0015d085cd9142cd
2026-03-15 01:03:57.384,ENG-MAC-17,riley.kapoor,1,python3,"python3",systemd,,,SHA256=000b2f1f09718b10000b2f1f09718b10000b2f1f09718b10000b2f1f09718b10
2026-03-15 01:09:01.525,ENG-MAC-04,riley.kapoor,1,slack.exe,"slack.exe",explorer.exe,,,SHA256=0017426944dfa4b10017426944dfa4b10017426944dfa4b10017426944dfa4b1
2026-03-15 01:19:33.682,ENG-MAC-04,riley.kapoor,1,node,"node",cmd.exe,,,SHA256=0007009acddd58ac0007009acddd58ac0007009acddd58ac0007009acddd58ac
2026-03-15 01:26:49.956,LINUX-JUMP-01,morgan.sato,1,git,"git",systemd,,,SHA256=000cd2644c96c481000cd2644c96c481000cd2644c96c481000cd2644c96c481
2026-03-15 01:36:13.872,FIN-WS17,svc-build,1,chrome.exe,"chrome.exe",launchd,,,SHA256=00106a148879be1900106a148879be1900106a148879be1900106a148879be19
2026-03-15 01:46:45.690,LINUX-JUMP-01,riley.kapoor,1,chrome.exe,"chrome.exe",cmd.exe,,,SHA256=000bcedb9dad4743000bcedb9dad4743000bcedb9dad4743000bcedb9dad4743
2026-03-15 01:50:10.347,LINUX-JUMP-01,riley.kapoor,1,python3,"python3",explorer.exe,,,SHA256=001e94de20d1dafc001e94de20d1dafc001e94de20d1dafc001e94de20d1dafc
2026-03-15 01:57:02.985,BLD-RUN-02,morgan.sato,1,node,"node",explorer.exe,,,SHA256=001fcfe4a41166ef001fcfe4a41166ef001fcfe4a41166ef001fcfe4a41166ef
2026-03-15 02:07:02.513,ENG-MAC-04,jamie.patel,1,python3,"python3",launchd,,,SHA256=00227fdcb8cc39fa00227fdcb8cc39fa00227fdcb8cc39fa00227fdcb8cc39fa
2026-03-15 02:13:51.777,ENG-MAC-04,taylor.owens,1,python3,"python3",systemd,,,SHA256=000c26a39573249c000c26a39573249c000c26a39573249c000c26a39573249c
2026-03-15 02:22:35.930,LINUX-JUMP-01,morgan.sato,1,python3,"python3",systemd,,,SHA256=000d3709e1110a8b000d3709e1110a8b000d3709e1110a8b000d3709e1110a8b
2026-03-15 02:30:00.543,LINUX-JUMP-01,svc-export,1,git,"git",cmd.exe,,,SHA256=0012839d8e3b44f10012839d8e3b44f10012839d8e3b44f10012839d8e3b44f1
2026-03-15 02:36:23.669,FIN-WS22,alex.chen,1,powershell.exe,"powershell.exe",cmd.exe,,,SHA256=001323c73a2002fd001323c73a2002fd001323c73a2002fd001323c73a2002fd
2026-03-15 02:42:40.987,ENG-MAC-17,taylor.owens,1,git,"git",systemd,,,SHA256=0002d51df2c862c90002d51df2c862c90002d51df2c862c90002d51df2c862c9
2026-03-15 02:53:43.601,ENG-MAC-04,morgan.sato,1,slack.exe,"slack.exe",launchd,,,SHA256=000d77e61352d6c6000d77e61352d6c6000d77e61352d6c6000d77e61352d6c6
2026-03-15 02:58:31.050,LINUX-JUMP-01,svc-export,1,powershell.exe,"powershell.exe",systemd,,,SHA256=001ff92893e8a427001ff92893e8a427001ff92893e8a427001ff92893e8a427
2026-03-15 03:06:48.453,ENG-MAC-04,svc-export,1,python3,"python3",systemd,,,SHA256=0014b6c93f506d0d0014b6c93f506d0d0014b6c93f506d0d0014b6c93f506d0d
2026-03-15 03:15:10.902,BLD-RUN-02,riley.kapoor,1,powershell.exe,"powershell.exe",explorer.exe,,,SHA256=0012cffd8e81dd5b0012cffd8e81dd5b0012cffd8e81dd5b0012cffd8e81dd5b
2026-03-15 03:22:18.587,BLD-RUN-02,taylor.owens,1,node,"node",launchd,,,SHA256=00076375f945437900076375f945437900076375f945437900076375f9454379
2026-03-15 03:30:14.692,FIN-WS17,jamie.patel,1,chrome.exe,"chrome.exe",launchd,,,SHA256=001729eb5c432e74001729eb5c432e74001729eb5c432e74001729eb5c432e74
2026-03-15 03:40:10.598,LINUX-JUMP-01,morgan.sato,1,sshd,"sshd",explorer.exe,,,SHA256=00061380da84a93a00061380da84a93a00061380da84a93a00061380da84a93a
2026-03-15 03:48:58.951,ENG-MAC-04,svc-export,1,sshd,"sshd",cmd.exe,,,SHA256=001fc523862e66e8001fc523862e66e8001fc523862e66e8001fc523862e66e8
2026-03-15 03:54:47.932,LINUX-JUMP-01,alex.chen,1,node,"node",cmd.exe,,,SHA256=001445fc430abe58001445fc430abe58001445fc430abe58001445fc430abe58
2026-03-15 04:00:16.663,LINUX-JUMP-01,svc-export,1,sshd,"sshd",cmd.exe,,,SHA256=0012623428acbb800012623428acbb800012623428acbb800012623428acbb80
2026-03-15 04:08:22.862,FIN-WS17,jamie.patel,1,slack.exe,"slack.exe",systemd,,,SHA256=0000512d5e1c633a0000512d5e1c633a0000512d5e1c633a0000512d5e1c633a
2026-03-15 04:17:44.171,ENG-MAC-04,morgan.sato,1,chrome.exe,"chrome.exe",launchd,,,SHA256=001c071bfc349a88001c071bfc349a88001c071bfc349a88001c071bfc349a88
2026-03-15 04:23:32.289,ENG-MAC-04,morgan.sato,1,node,"node",systemd,,,SHA256=000bf8cd596d8479000bf8cd596d8479000bf8cd596d8479000bf8cd596d8479
2026-03-15 04:28:36.175,ENG-MAC-04,alex.chen,1,git,"git",explorer.exe,,,SHA256=0002e3b8c1b5aa360002e3b8c1b5aa360002e3b8c1b5aa360002e3b8c1b5aa36
2026-03-15 04:35:52.951,LINUX-JUMP-01,alex.chen,1,python3,"python3",systemd,,,SHA256=0011956846126ee50011956846126ee50011956846126ee50011956846126ee5
2026-03-15 04:46:02.232,ENG-MAC-17,taylor.owens,1,git,"git",explorer.exe,,,SHA256=0023679e574b3d5a0023679e574b3d5a0023679e574b3d5a0023679e574b3d5a
2026-03-15 04:51:34.743,FIN-WS17,taylor.owens,1,node,"node",launchd,,,SHA256=000d1831dd5617d6000d1831dd5617d6000d1831dd5617d6000d1831dd5617d6
2026-03-15 05:01:46.267,FIN-WS22,morgan.sato,1,git,"git",cmd.exe,,,SHA256=000226b9f1b4ca45000226b9f1b4ca45000226b9f1b4ca45000226b9f1b4ca45
2026-03-15 05:04:33.996,BLD-RUN-02,jamie.patel,1,chrome.exe,"chrome.exe",launchd,,,SHA256=001da53fb81c85b6001da53fb81c85b6001da53fb81c85b6001da53fb81c85b6
2026-03-15 05:07:08.762,ENG-MAC-17,taylor.owens,1,slack.exe,"slack.exe",systemd,,,SHA256=001bf22c21ca2ffe001bf22c21ca2ffe001bf22c21ca2ffe001bf22c21ca2ffe
2026-03-15 05:16:21.668,FIN-WS17,riley.kapoor,1,chrome.exe,"chrome.exe",launchd,,,SHA256=000ec1173ff6c4cd000ec1173ff6c4cd000ec1173ff6c4cd000ec1173ff6c4cd
2026-03-15 05:22:59.381,BLD-RUN-02,alex.chen,1,git,"git",launchd,,,SHA256=000574532f76d5a1000574532f76d5a1000574532f76d5a1000574532f76d5a1
2026-03-15 05:28:04.539,BLD-RUN-02,svc-export,1,sshd,"sshd",launchd,,,SHA256=0007bca50a49144e0007bca50a49144e0007bca50a49144e0007bca50a49144e
2026-03-15 05:35:45.937,BLD-RUN-02,alex.chen,1,node,"node",cmd.exe,,,SHA256=001c4554769cf01a001c4554769cf01a001c4554769cf01a001c4554769cf01a
2026-03-15 05:46:30.610,ENG-MAC-17,svc-export,1,node,"node",explorer.exe,,,SHA256=0002a2f940f737a10002a2f940f737a10002a2f940f737a10002a2f940f737a1
2026-03-15 05:49:53.724,ENG-MAC-17,jamie.patel,1,sshd,"sshd",explorer.exe,,,SHA256=00101189f70d7a0200101189f70d7a0200101189f70d7a0200101189f70d7a02
2026-03-15 05:55:53.060,BLD-RUN-02,riley.kapoor,1,sshd,"sshd",cmd.exe,,,SHA256=0002253ce05a17f20002253ce05a17f20002253ce05a17f20002253ce05a17f2
2026-03-15 06:03:07.360,LINUX-JUMP-01,jamie.patel,1,slack.exe,"slack.exe",explorer.exe,,,SHA256=0010be312e8ba9d70010be312e8ba9d70010be312e8ba9d70010be312e8ba9d7
2026-03-15 06:13:00.203,LINUX-JUMP-01,jamie.patel,1,node,"node",launchd,,,SHA256=001cd12d035d21f9001cd12d035d21f9001cd12d035d21f9001cd12d035d21f9
2026-03-15 06:24:15.414,ENG-MAC-04,riley.kapoor,1,sshd,"sshd",systemd,,,SHA256=000ed16e3237f262000ed16e3237f262000ed16e3237f262000ed16e3237f262
2026-03-15 06:28:22.039,ENG-MAC-04,svc-build,1,outlook.exe,"outlook.exe",cmd.exe,,,SHA256=000adbefd1960c0a000adbefd1960c0a000adbefd1960c0a000adbefd1960c0a
2026-03-15 06:38:36.221,FIN-WS17,jamie.patel,1,sshd,"sshd",cmd.exe,,,SHA256=0002bb962b64d9630002bb962b64d9630002bb962b64d9630002bb962b64d963
2026-03-15 06:44:57.119,ENG-MAC-04,riley.kapoor,1,outlook.exe,"outlook.exe",launchd,,,SHA256=00019507cb68f05e00019507cb68f05e00019507cb68f05e00019507cb68f05e
2026-03-15 06:48:51.402,BLD-RUN-02,alex.chen,1,python3,"python3",systemd,,,SHA256=000eb107df2a3080000eb107df2a3080000eb107df2a3080000eb107df2a3080
2026-03-15 06:57:06.541,ENG-MAC-04,svc-export,1,python3,"python3",launchd,,,SHA256=001c11a66459e7a3001c11a66459e7a3001c11a66459e7a3001c11a66459e7a3
2026-03-15 07:00:11.739,BLD-RUN-02,riley.kapoor,1,node,"node",cmd.exe,,,SHA256=00094851b2c07c6f00094851b2c07c6f00094851b2c07c6f00094851b2c07c6f
2026-03-15 07:08:15.051,FIN-WS17,riley.kapoor,1,git,"git",cmd.exe,,,SHA256=000a60a96fbd8fc0000a60a96fbd8fc0000a60a96fbd8fc0000a60a96fbd8fc0
2026-03-15 07:13:48.181,FIN-WS17,riley.kapoor,1,python3,"python3",cmd.exe,,,SHA256=001cda55c6ed9662001cda55c6ed9662001cda55c6ed9662001cda55c6ed9662
2026-03-15 07:23:42.336,FIN-WS17,taylor.owens,1,python3,"python3",launchd,,,SHA256=0017d68f51252aec0017d68f51252aec0017d68f51252aec0017d68f51252aec
2026-03-15 07:31:58.879,BLD-RUN-02,jamie.patel,1,git,"git",explorer.exe,,,SHA256=0006b370481dd3b10006b370481dd3b10006b370481dd3b10006b370481dd3b1
2026-03-15 07:40:20.713,FIN-WS17,alex.chen,1,sshd,"sshd",launchd,,,SHA256=000d7d2a15f242f0000d7d2a15f242f0000d7d2a15f242f0000d7d2a15f242f0
2026-03-15 07:48:31.270,LINUX-JUMP-01,riley.kapoor,1,chrome.exe,"chrome.exe",explorer.exe,,,SHA256=00171c4222dd3fcc00171c4222dd3fcc00171c4222dd3fcc00171c4222dd3fcc
2026-03-15 07:54:18.553,ENG-MAC-17,taylor.owens,1,outlook.exe,"outlook.exe",cmd.exe,,,SHA256=002092ac3be4fcba002092ac3be4fcba002092ac3be4fcba002092ac3be4fcba
2026-03-15 08:02:56.361,FIN-WS22,svc-export,1,python3,"python3",systemd,,,SHA256=00084032a4e1b46100084032a4e1b46100084032a4e1b46100084032a4e1b461
2026-03-15 08:07:21.897,ENG-MAC-17,svc-build,1,chrome.exe,"chrome.exe",cmd.exe,,,SHA256=0019527932ae88250019527932ae88250019527932ae88250019527932ae8825
2026-03-15 08:13:40.487,FIN-WS17,riley.kapoor,1,sshd,"sshd",systemd,,,SHA256=001e7a496002dbcc001e7a496002dbcc001e7a496002dbcc001e7a496002dbcc
2026-03-15 08:21:09.862,FIN-WS17,svc-export,1,sshd,"sshd",cmd.exe,,,SHA256=001e8d1ef5b55806001e8d1ef5b55806001e8d1ef5b55806001e8d1ef5b55806
2026-03-15 08:28:17.940,LINUX-JUMP-01,alex.chen,1,outlook.exe,"outlook.exe",systemd,,,SHA256=00082f2fe06c69be00082f2fe06c69be00082f2fe06c69be00082f2fe06c69be
2026-03-15 08:30:52.533,LINUX-JUMP-01,svc-build,1,slack.exe,"slack.exe",explorer.exe,,,SHA256=0015b01832ba0e790015b01832ba0e790015b01832ba0e790015b01832ba0e79
2026-03-15 08:36:15.994,BLD-RUN-02,svc-build,1,python3,"python3",explorer.exe,,,SHA256=00018075c348163000018075c348163000018075c348163000018075c3481630
2026-03-15 08:47:23.186,LINUX-JUMP-01,svc-build,1,git,"git",systemd,,,SHA256=001cd5948424496c001cd5948424496c001cd5948424496c001cd5948424496c
2026-03-15 08:53:41.971,FIN-WS17,alex.chen,1,outlook.exe,"outlook.exe",explorer.exe,,,SHA256=000ad144d68e2689000ad144d68e2689000ad144d68e2689000ad144d68e2689
2026-03-15 09:04:29.800,BLD-RUN-02,morgan.sato,1,slack.exe,"slack.exe",explorer.exe,,,SHA256=0018f10079cdbb6b0018f10079cdbb6b0018f10079cdbb6b0018f10079cdbb6b
2026-03-15 09:08:10.130,FIN-WS22,jamie.patel,1,python3,"python3",explorer.exe,,,SHA256=001dd8bbca0e910c001dd8bbca0e910c001dd8bbca0e910c001dd8bbca0e910c
2026-03-15 09:16:13.947,FIN-WS22,svc-build,1,chrome.exe,"chrome.exe",explorer.exe,,,SHA256=001a4a55906d3cac001a4a55906d3cac001a4a55906d3cac001a4a55906d3cac
2026-03-15 09:22:24.260,BLD-RUN-02,jamie.patel,1,node,"node",cmd.exe,,,SHA256=000888870d560686000888870d560686000888870d560686000888870d560686
2026-03-15 09:31:38.262,FIN-WS17,svc-export,1,powershell.exe,"powershell.exe",launchd,,,SHA256=000db53c599bc05c000db53c599bc05c000db53c599bc05c000db53c599bc05c
2026-03-15 09:42:20.026,FIN-WS22,riley.kapoor,1,python3,"python3",systemd,,,SHA256=001d6d17ed946e37001d6d17ed946e37001d6d17ed946e37001d6d17ed946e37
2026-03-15 09:52:06.844,ENG-MAC-17,jamie.patel,1,outlook.exe,"outlook.exe",explorer.exe,,,SHA256=00005db86d715a2a00005db86d715a2a00005db86d715a2a00005db86d715a2a
2026-03-15 09:54:49.188,LINUX-JUMP-01,jamie.patel,1,node,"node",launchd,,,SHA256=000f4c12697ea000000f4c12697ea000000f4c12697ea000000f4c12697ea000
2026-03-15 10:01:36.032,FIN-WS22,svc-build,1,sshd,"sshd",systemd,,,SHA256=000c76ab5e98c014000c76ab5e98c014000c76ab5e98c014000c76ab5e98c014
2026-03-15 10:04:55.994,FIN-WS22,riley.kapoor,1,chrome.exe,"chrome.exe",explorer.exe,,,SHA256=00237bae310668cc00237bae310668cc00237bae310668cc00237bae310668cc
2026-03-15 10:10:36.159,BLD-RUN-02,jamie.patel,1,slack.exe,"slack.exe",explorer.exe,,,SHA256=0006a8d993eef4700006a8d993eef4700006a8d993eef4700006a8d993eef470
2026-03-15 10:15:34.122,FIN-WS22,svc-export,1,node,"node",systemd,,,SHA256=000d92e7f2742543000d92e7f2742543000d92e7f2742543000d92e7f2742543
2026-03-15 10:19:17.975,FIN-WS22,svc-export,1,python3,"python3",explorer.exe,,,SHA256=0005b37994fc043c0005b37994fc043c0005b37994fc043c0005b37994fc043c
2026-03-15 10:27:40.707,FIN-WS22,riley.kapoor,1,chrome.exe,"chrome.exe",cmd.exe,,,SHA256=001c458ff1e07eac001c458ff1e07eac001c458ff1e07eac001c458ff1e07eac
2026-03-15 10:34:40.596,ENG-MAC-17,svc-build,1,chrome.exe,"chrome.exe",launchd,,,SHA256=00200622376e05a800200622376e05a800200622376e05a800200622376e05a8
2026-03-15 10:42:22.104,BLD-RUN-02,morgan.sato,1,git,"git",explorer.exe,,,SHA256=001bcf8c447a1622001bcf8c447a1622001bcf8c447a1622001bcf8c447a1622
2026-03-15 10:46:50.929,ENG-MAC-17,taylor.owens,1,node,"node",cmd.exe,,,SHA256=001ff3c22380c2e4001ff3c22380c2e4001ff3c22380c2e4001ff3c22380c2e4
2026-03-15 10:52:34.148,FIN-WS22,morgan.sato,1,sshd,"sshd",systemd,,,SHA256=00196a0b257229f900196a0b257229f900196a0b257229f900196a0b257229f9
2026-03-15 10:58:27.651,FIN-WS17,svc-build,1,sshd,"sshd",cmd.exe,,,SHA256=001b86fa30edbd26001b86fa30edbd26001b86fa30edbd26001b86fa30edbd26
2026-03-15 11:07:57.823,FIN-WS22,svc-build,1,powershell.exe,"powershell.exe",cmd.exe,,,SHA256=0004bddfc32781700004bddfc32781700004bddfc32781700004bddfc3278170
2026-03-15 11:16:15.974,FIN-WS22,taylor.owens,1,outlook.exe,"outlook.exe",systemd,,,SHA256=001f56fffedc73fd001f56fffedc73fd001f56fffedc73fd001f56fffedc73fd
2026-03-15 11:19:19.352,FIN-WS22,jamie.patel,1,outlook.exe,"outlook.exe",explorer.exe,,,SHA256=00109b25c67a2a9b00109b25c67a2a9b00109b25c67a2a9b00109b25c67a2a9b
2026-03-15 11:30:42.512,FIN-WS22,alex.chen,1,node,"node",cmd.exe,,,SHA256=000eafcdf0101cda000eafcdf0101cda000eafcdf0101cda000eafcdf0101cda
2026-03-15 11:35:21.869,FIN-WS22,jamie.patel,1,outlook.exe,"outlook.exe",launchd,,,SHA256=00216b651888d68a00216b651888d68a00216b651888d68a00216b651888d68a
2026-03-15 11:40:32.722,ENG-MAC-17,jamie.patel,1,powershell.exe,"powershell.exe",launchd,,,SHA256=000f1873b1fa36dd000f1873b1fa36dd000f1873b1fa36dd000f1873b1fa36dd
2026-03-15 11:43:43.927,FIN-WS22,riley.kapoor,1,chrome.exe,"chrome.exe",explorer.exe,,,SHA256=0018e2d8f0e1dfbc0018e2d8f0e1dfbc0018e2d8f0e1dfbc0018e2d8f0e1dfbc
2026-03-15 11:53:16.497,ENG-MAC-04,alex.chen,1,sshd,"sshd",explorer.exe,,,SHA256=001049c7647ca6e0001049c7647ca6e0001049c7647ca6e0001049c7647ca6e0
2026-03-15 12:04:38.267,FIN-WS22,riley.kapoor,1,chrome.exe,"chrome.exe",launchd,,,SHA256=0010cc49170e46ca0010cc49170e46ca0010cc49170e46ca0010cc49170e46ca
2026-03-15 12:08:20.637,ENG-MAC-17,morgan.sato,1,python3,"python3",explorer.exe,,,SHA256=00182249aeac47c100182249aeac47c100182249aeac47c100182249aeac47c1
2026-03-15 12:16:12.347,ENG-MAC-04,taylor.owens,1,sshd,"sshd",systemd,,,SHA256=000a41782d90314d000a41782d90314d000a41782d90314d000a41782d90314d
2026-03-15 12:25:50.011,ENG-MAC-17,morgan.sato,1,outlook.exe,"outlook.exe",explorer.exe,,,SHA256=0018f3e87e001af20018f3e87e001af20018f3e87e001af20018f3e87e001af2
2026-03-15 12:36:30.292,BLD-RUN-02,svc-build,1,slack.exe,"slack.exe",launchd,,,SHA256=0002c95ed5e8b7120002c95ed5e8b7120002c95ed5e8b7120002c95ed5e8b712
2026-03-15 12:46:32.394,LINUX-JUMP-01,svc-export,1,chrome.exe,"chrome.exe",launchd,,,SHA256=0012cb4ae5d785440012cb4ae5d785440012cb4ae5d785440012cb4ae5d78544
2026-03-15 12:50:44.039,FIN-WS17,riley.kapoor,1,sshd,"sshd",systemd,,,SHA256=000671afbb9f0981000671afbb9f0981000671afbb9f0981000671afbb9f0981
2026-03-15 12:56:05.046,BLD-RUN-02,riley.kapoor,1,slack.exe,"slack.exe",launchd,,,SHA256=00097387436943f100097387436943f100097387436943f100097387436943f1
2026-03-15 12:58:59.566,BLD-RUN-02,svc-build,1,outlook.exe,"outlook.exe",explorer.exe,,,SHA256=000261cf9ff44149000261cf9ff44149000261cf9ff44149000261cf9ff44149
2026-03-15 13:01:54.261,FIN-WS17,svc-build,1,slack.exe,"slack.exe",systemd,,,SHA256=00137d9d94e205eb00137d9d94e205eb00137d9d94e205eb00137d9d94e205eb
2026-03-15 13:07:32.242,BLD-RUN-02,alex.chen,1,slack.exe,"slack.exe",systemd,,,SHA256=001cf7ca2a265e4f001cf7ca2a265e4f001cf7ca2a265e4f001cf7ca2a265e4f
2026-03-15 13:11:42.204,ENG-MAC-17,jamie.patel,1,outlook.exe,"outlook.exe",explorer.exe,,,SHA256=001dd2105fa4d563001dd2105fa4d563001dd2105fa4d563001dd2105fa4d563
2026-03-15 13:22:23.434,BLD-RUN-02,taylor.owens,1,node,"node",cmd.exe,,,SHA256=00056b6f704445d700056b6f704445d700056b6f704445d700056b6f704445d7
2026-03-15 13:26:08.517,FIN-WS22,svc-build,1,git,"git",explorer.exe,,,SHA256=0000e5542bd6bd9a0000e5542bd6bd9a0000e5542bd6bd9a0000e5542bd6bd9a
2026-03-15 13:29:38.652,ENG-MAC-17,morgan.sato,1,sshd,"sshd",cmd.exe,,,SHA256=00032cde50e3caf200032cde50e3caf200032cde50e3caf200032cde50e3caf2
2026-03-15 13:37:17.258,ENG-MAC-04,svc-build,1,git,"git",systemd,,,SHA256=0022f4b2e80c58ee0022f4b2e80c58ee0022f4b2e80c58ee0022f4b2e80c58ee
2026-03-15 13:47:45.626,ENG-MAC-17,svc-export,1,chrome.exe,"chrome.exe",launchd,,,SHA256=00104ef9cd8c0d2a00104ef9cd8c0d2a00104ef9cd8c0d2a00104ef9cd8c0d2a
2026-03-15 13:55:32.903,FIN-WS17,jamie.patel,1,outlook.exe,"outlook.exe",cmd.exe,,,SHA256=00018119f90b331d00018119f90b331d00018119f90b331d00018119f90b331d
2026-03-15 14:04:38.846,FIN-WS17,morgan.sato,1,git,"git",systemd,,,SHA256=0020046b9587b96a0020046b9587b96a0020046b9587b96a0020046b9587b96a
2026-03-15 14:10:32.238,LINUX-JUMP-01,svc-export,1,chrome.exe,"chrome.exe",launchd,,,SHA256=0011b1f3a73b2bdf0011b1f3a73b2bdf0011b1f3a73b2bdf0011b1f3a73b2bdf
2026-03-15 14:19:15.198,FIN-WS17,taylor.owens,1,python3,"python3",cmd.exe,,,SHA256=00032b5fb520f93200032b5fb520f93200032b5fb520f93200032b5fb520f932
2026-03-15 14:29:32.098,ENG-MAC-17,svc-export,1,git,"git",systemd,,,SHA256=001641a05d3b45a4001641a05d3b45a4001641a05d3b45a4001641a05d3b45a4
2026-03-15 14:35:53.489,ENG-MAC-17,riley.kapoor,1,sshd,"sshd",explorer.exe,,,SHA256=0008c9e0448c1bfb0008c9e0448c1bfb0008c9e0448c1bfb0008c9e0448c1bfb
2026-03-15 14:39:56.052,LINUX-JUMP-01,alex.chen,1,python3,"python3",cmd.exe,,,SHA256=001e03e5cfdb8ca7001e03e5cfdb8ca7001e03e5cfdb8ca7001e03e5cfdb8ca7
2026-03-15 14:50:28.748,FIN-WS17,morgan.sato,1,slack.exe,"slack.exe",cmd.exe,,,SHA256=000910c7a3dd46e6000910c7a3dd46e6000910c7a3dd46e6000910c7a3dd46e6
2026-03-15 15:01:16.230,FIN-WS22,riley.kapoor,1,powershell.exe,"powershell.exe",explorer.exe,,,SHA256=0021f65275e4023e0021f65275e4023e0021f65275e4023e0021f65275e4023e
2026-03-15 15:05:20.320,ENG-MAC-04,svc-export,1,chrome.exe,"chrome.exe",cmd.exe,,,SHA256=001f72dde37db6ab001f72dde37db6ab001f72dde37db6ab001f72dde37db6ab
2026-03-15 15:14:09.638,ENG-MAC-17,riley.kapoor,1,sshd,"sshd",systemd,,,SHA256=0016d016a7aab85b0016d016a7aab85b0016d016a7aab85b0016d016a7aab85b
2026-03-15 15:21:10.925,LINUX-JUMP-01,svc-export,1,git,"git",systemd,,,SHA256=002286d4ef985fc0002286d4ef985fc0002286d4ef985fc0002286d4ef985fc0
2026-03-15 15:25:41.420,LINUX-JUMP-01,riley.kapoor,1,outlook.exe,"outlook.exe",cmd.exe,,,SHA256=0016796a5e5b89620016796a5e5b89620016796a5e5b89620016796a5e5b8962
2026-03-15 15:33:21.922,ENG-MAC-17,svc-export,1,slack.exe,"slack.exe",cmd.exe,,,SHA256=0013cd9dd7caf8c70013cd9dd7caf8c70013cd9dd7caf8c70013cd9dd7caf8c7
2026-03-15 15:44:30.647,FIN-WS22,alex.chen,1,chrome.exe,"chrome.exe",launchd,,,SHA256=0007a66e474218310007a66e474218310007a66e474218310007a66e47421831
2026-03-15 15:52:28.212,BLD-RUN-02,morgan.sato,1,slack.exe,"slack.exe",launchd,,,SHA256=000b1cbc5efdbb3b000b1cbc5efdbb3b000b1cbc5efdbb3b000b1cbc5efdbb3b
2026-03-15 15:58:07.354,FIN-WS22,svc-build,1,chrome.exe,"chrome.exe",explorer.exe,,,SHA256=00008d832824046c00008d832824046c00008d832824046c00008d832824046c
2026-03-15 16:07:44.271,FIN-WS22,taylor.owens,1,sshd,"sshd",cmd.exe,,,SHA256=001baf3cb7c2665c001baf3cb7c2665c001baf3cb7c2665c001baf3cb7c2665c
2026-03-15 16:17:32.654,ENG-MAC-04,jamie.patel,1,sshd,"sshd",systemd,,,SHA256=00078ed0e2567f0800078ed0e2567f0800078ed0e2567f0800078ed0e2567f08
2026-03-15 16:20:50.989,LINUX-JUMP-01,morgan.sato,1,git,"git",cmd.exe,,,SHA256=00081eefbec6505a00081eefbec6505a00081eefbec6505a00081eefbec6505a
2026-03-15 16:24:46.888,BLD-RUN-02,jamie.patel,1,git,"git",launchd,,,SHA256=0015f399fa3aab1a0015f399fa3aab1a0015f399fa3aab1a0015f399fa3aab1a
2026-03-15 16:32:01.066,ENG-MAC-17,taylor.owens,1,outlook.exe,"outlook.exe",explorer.exe,,,SHA256=0006aec6fe5d91c00006aec6fe5d91c00006aec6fe5d91c00006aec6fe5d91c0
2026-03-15 16:36:13.907,ENG-MAC-04,riley.kapoor,1,node,"node",launchd,,,SHA256=000a0f2f36f376df000a0f2f36f376df000a0f2f36f376df000a0f2f36f376df
2026-03-15 16:42:18.882,ENG-MAC-17,svc-export,1,powershell.exe,"powershell.exe",cmd.exe,,,SHA256=0020f55498c297220020f55498c297220020f55498c297220020f55498c29722
2026-03-15 16:49:22.684,BLD-RUN-02,alex.chen,1,python3,"python3",systemd,,,SHA256=001416c2289dd90d001416c2289dd90d001416c2289dd90d001416c2289dd90d
2026-03-15 16:52:38.845,FIN-WS17,alex.chen,1,python3,"python3",launchd,,,SHA256=00102f8b5af4a50900102f8b5af4a50900102f8b5af4a50900102f8b5af4a509
2026-03-15 17:02:50.602,BLD-RUN-02,jamie.patel,1,sshd,"sshd",systemd,,,SHA256=001cfedd72f59e5b001cfedd72f59e5b001cfedd72f59e5b001cfedd72f59e5b
2026-03-15 17:08:44.390,ENG-MAC-04,alex.chen,1,slack.exe,"slack.exe",launchd,,,SHA256=001d201f78861a1c001d201f78861a1c001d201f78861a1c001d201f78861a1c
2026-03-15 17:16:05.875,BLD-RUN-02,jamie.patel,1,powershell.exe,"powershell.exe",cmd.exe,,,SHA256=000435c0d059334d000435c0d059334d000435c0d059334d000435c0d059334d
2026-03-15 17:22:57.874,BLD-RUN-02,alex.chen,1,chrome.exe,"chrome.exe",cmd.exe,,,SHA256=001b13f822c27b92001b13f822c27b92001b13f822c27b92001b13f822c27b92
2026-03-15 17:31:49.688,FIN-WS22,svc-build,1,git,"git",explorer.exe,,,SHA256=001a768f817d1644001a768f817d1644001a768f817d1644001a768f817d1644
2026-03-15 17:35:49.793,BLD-RUN-02,alex.chen,1,node,"node",explorer.exe,,,SHA256=0000c56ede3297d60000c56ede3297d60000c56ede3297d60000c56ede3297d6
2026-03-15 17:43:11.765,FIN-WS22,taylor.owens,1,sshd,"sshd",systemd,,,SHA256=000914768c46ddc4000914768c46ddc4000914768c46ddc4000914768c46ddc4
2026-03-15 17:51:23.823,LINUX-JUMP-01,morgan.sato,1,python3,"python3",cmd.exe,,,SHA256=001da3f49f4d4b7b001da3f49f4d4b7b001da3f49f4d4b7b001da3f49f4d4b7b
2026-03-15 17:59:56.209,BLD-RUN-02,riley.kapoor,1,slack.exe,"slack.exe",cmd.exe,,,SHA256=000e9b80ae20ff05000e9b80ae20ff05000e9b80ae20ff05000e9b80ae20ff05
2026-03-15 18:03:52.345,ENG-MAC-04,taylor.owens,1,sshd,"sshd",launchd,,,SHA256=000f1f04d11bb461000f1f04d11bb461000f1f04d11bb461000f1f04d11bb461
2026-03-15 18:09:27.559,ENG-MAC-17,riley.kapoor,1,outlook.exe,"outlook.exe",cmd.exe,,,SHA256=000b5ec5e10bc0bf000b5ec5e10bc0bf000b5ec5e10bc0bf000b5ec5e10bc0bf
2026-03-15 18:17:05.225,FIN-WS22,taylor.owens,1,git,"git",cmd.exe,,,SHA256=00135358fca7df2700135358fca7df2700135358fca7df2700135358fca7df27
2026-03-15 18:20:50.173,ENG-MAC-04,taylor.owens,1,sshd,"sshd",launchd,,,SHA256=00118740b01b063100118740b01b063100118740b01b063100118740b01b0631
2026-03-15 18:23:32.744,FIN-WS22,morgan.sato,1,outlook.exe,"outlook.exe",launchd,,,SHA256=000bba3a32c13ad3000bba3a32c13ad3000bba3a32c13ad3000bba3a32c13ad3
2026-03-15 18:28:47.123,FIN-WS22,svc-export,1,sshd,"sshd",explorer.exe,,,SHA256=0019e6a4fed4de720019e6a4fed4de720019e6a4fed4de720019e6a4fed4de72
2026-03-15 18:38:11.710,FIN-WS17,alex.chen,1,slack.exe,"slack.exe",launchd,,,SHA256=0002844e968f5ebe0002844e968f5ebe0002844e968f5ebe0002844e968f5ebe
2026-03-15 18:49:27.955,LINUX-JUMP-01,riley.kapoor,1,git,"git",launchd,,,SHA256=002367efdc6f03fc002367efdc6f03fc002367efdc6f03fc002367efdc6f03fc
2026-03-15 18:59:01.886,ENG-MAC-17,svc-export,1,git,"git",cmd.exe,,,SHA256=001680453df0eec4001680453df0eec4001680453df0eec4001680453df0eec4
2026-03-15 19:09:07.774,ENG-MAC-17,svc-build,1,sshd,"sshd",explorer.exe,,,SHA256=001a77e27b4bb873001a77e27b4bb873001a77e27b4bb873001a77e27b4bb873
2026-03-15 19:16:08.025,FIN-WS22,riley.kapoor,1,chrome.exe,"chrome.exe",systemd,,,SHA256=00164598a465a9ab00164598a465a9ab00164598a465a9ab00164598a465a9ab
2026-03-15 19:19:23.226,ENG-MAC-17,jamie.patel,1,git,"git",launchd,,,SHA256=000ad8ea7f0ea8bc000ad8ea7f0ea8bc000ad8ea7f0ea8bc000ad8ea7f0ea8bc
2026-03-15 19:30:40.896,BLD-RUN-02,morgan.sato,1,outlook.exe,"outlook.exe",launchd,,,SHA256=0014edfd9779edd30014edfd9779edd30014edfd9779edd30014edfd9779edd3
2026-03-15 19:38:04.107,ENG-MAC-17,svc-export,1,python3,"python3",cmd.exe,,,SHA256=000b0022f18ac53c000b0022f18ac53c000b0022f18ac53c000b0022f18ac53c
2026-03-15 19:42:58.833,FIN-WS17,taylor.owens,1,chrome.exe,"chrome.exe",systemd,,,SHA256=001a6a091543401e001a6a091543401e001a6a091543401e001a6a091543401e
2026-03-15 19:50:22.420,FIN-WS22,alex.chen,1,outlook.exe,"outlook.exe",systemd,,,SHA256=000a9d91f97f3a6f000a9d91f97f3a6f000a9d91f97f3a6f000a9d91f97f3a6f
2026-03-15 20:00:29.450,ENG-MAC-17,alex.chen,1,node,"node",systemd,,,SHA256=000471375c42a120000471375c42a120000471375c42a120000471375c42a120
2026-03-15 20:10:13.848,FIN-WS22,riley.kapoor,1,powershell.exe,"powershell.exe",launchd,,,SHA256=0021685b594cf5ac0021685b594cf5ac0021685b594cf5ac0021685b594cf5ac
2026-03-15 20:15:19.297,FIN-WS17,taylor.owens,1,chrome.exe,"chrome.exe",cmd.exe,,,SHA256=00044c7ed92cbc8900044c7ed92cbc8900044c7ed92cbc8900044c7ed92cbc89
2026-03-15 20:20:29.728,FIN-WS17,jamie.patel,1,slack.exe,"slack.exe",explorer.exe,,,SHA256=0012c81a3b3062360012c81a3b3062360012c81a3b3062360012c81a3b306236
2026-03-15 20:28:37.363,ENG-MAC-17,taylor.owens,1,outlook.exe,"outlook.exe",launchd,,,SHA256=0019b421aeb93ed10019b421aeb93ed10019b421aeb93ed10019b421aeb93ed1
2026-03-15 20:31:50.738,LINUX-JUMP-01,riley.kapoor,1,sshd,"sshd",cmd.exe,,,SHA256=00187d0be6934a8500187d0be6934a8500187d0be6934a8500187d0be6934a85
2026-03-15 20:34:46.436,ENG-MAC-04,svc-export,1,python3,"python3",systemd,,,SHA256=00017402ca20dd2400017402ca20dd2400017402ca20dd2400017402ca20dd24
2026-03-15 20:40:56.625,FIN-WS22,riley.kapoor,1,powershell.exe,"powershell.exe",explorer.exe,,,SHA256=00105059ded709d400105059ded709d400105059ded709d400105059ded709d4
2026-03-15 20:51:14.476,FIN-WS17,svc-build,1,node,"node",cmd.exe,,,SHA256=001ebadf049adb90001ebadf049adb90001ebadf049adb90001ebadf049adb90
2026-03-15 20:59:39.452,ENG-MAC-17,morgan.sato,1,node,"node",launchd,,,SHA256=0005db54dd9179ec0005db54dd9179ec0005db54dd9179ec0005db54dd9179ec
2026-03-15 21:10:26.276,ENG-MAC-04,taylor.owens,1,chrome.exe,"chrome.exe",cmd.exe,,,SHA256=000c180334ff1d6b000c180334ff1d6b000c180334ff1d6b000c180334ff1d6b
2026-03-15 21:20:50.927,LINUX-JUMP-01,svc-export,1,powershell.exe,"powershell.exe",cmd.exe,,,SHA256=001b5c16ff034932001b5c16ff034932001b5c16ff034932001b5c16ff034932
2026-03-15 21:30:53.807,LINUX-JUMP-01,jamie.patel,1,node,"node",cmd.exe,,,SHA256=00013499519f0c0900013499519f0c0900013499519f0c0900013499519f0c09
2026-03-15 21:33:27.546,ENG-MAC-17,morgan.sato,1,powershell.exe,"powershell.exe",launchd,,,SHA256=0015dee70f8ea4ee0015dee70f8ea4ee0015dee70f8ea4ee0015dee70f8ea4ee
2026-03-15 21:43:31.768,FIN-WS22,taylor.owens,1,python3,"python3",systemd,,,SHA256=0021bc41804edf9e0021bc41804edf9e0021bc41804edf9e0021bc41804edf9e
2026-03-15 21:46:20.377,ENG-MAC-17,morgan.sato,1,chrome.exe,"chrome.exe",explorer.exe,,,SHA256=0019a3f972ae63dc0019a3f972ae63dc0019a3f972ae63dc0019a3f972ae63dc
2026-03-15 21:57:42.996,BLD-RUN-02,svc-export,1,powershell.exe,"powershell.exe",launchd,,,SHA256=000a33a741bd166e000a33a741bd166e000a33a741bd166e000a33a741bd166e
2026-03-15 22:06:29.438,FIN-WS22,taylor.owens,1,powershell.exe,"powershell.exe",systemd,,,SHA256=0002ba7e9f401cf70002ba7e9f401cf70002ba7e9f401cf70002ba7e9f401cf7
2026-03-15 22:09:26.500,LINUX-JUMP-01,jamie.patel,1,sshd,"sshd",explorer.exe,,,SHA256=002333d0e2a0263e002333d0e2a0263e002333d0e2a0263e002333d0e2a0263e
2026-03-15 22:16:05.773,BLD-RUN-02,riley.kapoor,1,slack.exe,"slack.exe",launchd,,,SHA256=0014b3a85f89d6840014b3a85f89d6840014b3a85f89d6840014b3a85f89d684
2026-03-15 22:22:39.028,ENG-MAC-04,jamie.patel,1,outlook.exe,"outlook.exe",cmd.exe,,,SHA256=000daa065445b3f5000daa065445b3f5000daa065445b3f5000daa065445b3f5
2026-03-15 22:32:57.418,BLD-RUN-02,svc-export,1,outlook.exe,"outlook.exe",launchd,,,SHA256=00149537b96b395c00149537b96b395c00149537b96b395c00149537b96b395c
2026-03-15 22:43:29.181,FIN-WS17,svc-export,1,powershell.exe,"powershell.exe",systemd,,,SHA256=000fade2574add93000fade2574add93000fade2574add93000fade2574add93
2026-03-15 22:50:38.611,FIN-WS22,svc-build,1,slack.exe,"slack.exe",explorer.exe,,,SHA256=0004468d3446747c0004468d3446747c0004468d3446747c0004468d3446747c
2026-03-15 22:59:01.231,LINUX-JUMP-01,taylor.owens,1,sshd,"sshd",launchd,,,SHA256=00112735b363625700112735b363625700112735b363625700112735b3636257
2026-03-15 23:03:54.689,BLD-RUN-02,taylor.owens,1,powershell.exe,"powershell.exe",systemd,,,SHA256=000ef81de8343cd0000ef81de8343cd0000ef81de8343cd0000ef81de8343cd0
2026-03-15 23:12:33.909,ENG-MAC-17,svc-export,1,git,"git",systemd,,,SHA256=000cb0941288b52a000cb0941288b52a000cb0941288b52a000cb0941288b52a
2026-03-15 23:18:38.273,FIN-WS22,riley.kapoor,1,outlook.exe,"outlook.exe",cmd.exe,,,SHA256=000571dd191a953e000571dd191a953e000571dd191a953e000571dd191a953e
2026-03-15 23:29:37.565,LINUX-JUMP-01,svc-build,1,outlook.exe,"outlook.exe",cmd.exe,,,SHA256=000de1585c304551000de1585c304551000de1585c304551000de1585c304551
2026-03-15 23:39:45.442,FIN-WS17,svc-build,1,git,"git",launchd,,,SHA256=0011d56ca9f74af10011d56ca9f74af10011d56ca9f74af10011d56ca9f74af1
2026-03-15 23:48:01.224,FIN-WS22,morgan.sato,1,node,"node",systemd,,,SHA256=00177ad20528895200177ad20528895200177ad20528895200177ad205288952
2026-03-15 23:57:23.738,ENG-MAC-04,riley.kapoor,1,powershell.exe,"powershell.exe",cmd.exe,,,SHA256=0005eb47c84051e60005eb47c84051e60005eb47c84051e60005eb47c84051e6
2026-03-16 00:02:39.185,ENG-MAC-04,svc-export,1,sshd,"sshd",explorer.exe,,,SHA256=000dc824852a9824000dc824852a9824000dc824852a9824000dc824852a9824
2026-03-16 00:13:36.959,LINUX-JUMP-01,svc-export,1,chrome.exe,"chrome.exe",cmd.exe,,,SHA256=001982c6d1936dba001982c6d1936dba001982c6d1936dba001982c6d1936dba
2026-03-16 00:23:54.936,FIN-WS22,alex.chen,1,sshd,"sshd",systemd,,,SHA256=001170039ea05c9d001170039ea05c9d001170039ea05c9d001170039ea05c9d
2026-03-16 00:34:54.829,ENG-MAC-04,taylor.owens,1,python3,"python3",systemd,,,SHA256=00232ad1bc34d2b400232ad1bc34d2b400232ad1bc34d2b400232ad1bc34d2b4
2026-03-16 00:38:38.287,FIN-WS22,svc-build,1,chrome.exe,"chrome.exe",systemd,,,SHA256=001585d68403af17001585d68403af17001585d68403af17001585d68403af17
2026-03-16 00:49:48.750,BLD-RUN-02,svc-export,1,node,"node",cmd.exe,,,SHA256=000f07a6ccb5ab10000f07a6ccb5ab10000f07a6ccb5ab10000f07a6ccb5ab10
2026-03-16 00:55:59.737,FIN-WS22,alex.chen,1,sshd,"sshd",systemd,,,SHA256=000406945dbce163000406945dbce163000406945dbce163000406945dbce163
2026-03-16 01:04:37.985,ENG-MAC-17,jamie.patel,1,outlook.exe,"outlook.exe",cmd.exe,,,SHA256=0013147c76acac8d0013147c76acac8d0013147c76acac8d0013147c76acac8d
2026-03-16 01:07:44.235,FIN-WS22,alex.chen,1,git,"git",systemd,,,SHA256=00227c0c124b88f200227c0c124b88f200227c0c124b88f200227c0c124b88f2
2026-03-16 01:16:43.716,FIN-WS22,taylor.owens,1,sshd,"sshd",launchd,,,SHA256=0021b222f0a22a380021b222f0a22a380021b222f0a22a380021b222f0a22a38
2026-03-16 01:22:34.596,BLD-RUN-02,svc-build,1,python3,"python3",cmd.exe,,,SHA256=000e1d8d70ea933f000e1d8d70ea933f000e1d8d70ea933f000e1d8d70ea933f
2026-03-16 01:29:11.576,LINUX-JUMP-01,alex.chen,1,git,"git",explorer.exe,,,SHA256=0015a6c8bbcf4e780015a6c8bbcf4e780015a6c8bbcf4e780015a6c8bbcf4e78
2026-03-16 01:39:32.977,FIN-WS22,morgan.sato,1,sshd,"sshd",explorer.exe,,,SHA256=001935958137f082001935958137f082001935958137f082001935958137f082
2026-03-16 01:44:16.356,ENG-MAC-04,alex.chen,1,python3,"python3",explorer.exe,,,SHA256=0006ac8d6ff1695c0006ac8d6ff1695c0006ac8d6ff1695c0006ac8d6ff1695c
2026-03-16 01:47:36.937,FIN-WS17,alex.chen,1,git,"git",cmd.exe,,,SHA256=001e4032d5d96092001e4032d5d96092001e4032d5d96092001e4032d5d96092
2026-03-16 01:53:25.737,FIN-WS22,riley.kapoor,1,powershell.exe,"powershell.exe",launchd,,,SHA256=001b075847a17f23001b075847a17f23001b075847a17f23001b075847a17f23
2026-03-16 01:59:44.728,ENG-MAC-04,riley.kapoor,1,sshd,"sshd",cmd.exe,,,SHA256=000ee2142bca2e1a000ee2142bca2e1a000ee2142bca2e1a000ee2142bca2e1a
2026-03-16 02:04:12.988,ENG-MAC-17,alex.chen,1,git,"git",cmd.exe,,,SHA256=0008a5d32416830c0008a5d32416830c0008a5d32416830c0008a5d32416830c
2026-03-16 02:10:12.589,FIN-WS22,riley.kapoor,1,chrome.exe,"chrome.exe",explorer.exe,,,SHA256=0007f36db77ee3fe0007f36db77ee3fe0007f36db77ee3fe0007f36db77ee3fe
2026-03-16 02:17:51.738,ENG-MAC-04,riley.kapoor,1,sshd,"sshd",cmd.exe,,,SHA256=0007ff922873ea5e0007ff922873ea5e0007ff922873ea5e0007ff922873ea5e
2026-03-16 02:26:44.944,ENG-MAC-04,riley.kapoor,1,node,"node",cmd.exe,,,SHA256=0018b1b788cd490e0018b1b788cd490e0018b1b788cd490e0018b1b788cd490e
2026-03-16 02:37:39.013,ENG-MAC-04,taylor.owens,1,node,"node",launchd,,,SHA256=0004ca14f19283b90004ca14f19283b90004ca14f19283b90004ca14f19283b9
2026-03-16 02:47:46.526,BLD-RUN-02,morgan.sato,1,powershell.exe,"powershell.exe",cmd.exe,,,SHA256=001793f67a382deb001793f67a382deb001793f67a382deb001793f67a382deb
2026-03-16 02:52:55.887,ENG-MAC-17,riley.kapoor,1,slack.exe,"slack.exe",explorer.exe,,,SHA256=002038a8b00ebe9e002038a8b00ebe9e002038a8b00ebe9e002038a8b00ebe9e
2026-03-16 03:03:43.575,FIN-WS17,riley.kapoor,1,python3,"python3",explorer.exe,,,SHA256=000ba5f02befd938000ba5f02befd938000ba5f02befd938000ba5f02befd938
2026-03-16 03:13:48.205,ENG-MAC-04,riley.kapoor,1,python3,"python3",cmd.exe,,,SHA256=0014470d902fcf3a0014470d902fcf3a0014470d902fcf3a0014470d902fcf3a
2026-03-16 03:18:09.385,FIN-WS17,jamie.patel,1,outlook.exe,"outlook.exe",systemd,,,SHA256=000fdd09e9bc1e03000fdd09e9bc1e03000fdd09e9bc1e03000fdd09e9bc1e03
2026-03-16 03:24:12.960,ENG-MAC-17,svc-export,1,sshd,"sshd",cmd.exe,,,SHA256=000f6a962e4f5a78000f6a962e4f5a78000f6a962e4f5a78000f6a962e4f5a78
2026-03-16 03:32:07.599,FIN-WS17,taylor.owens,1,chrome.exe,"chrome.exe",launchd,,,SHA256=000200c7547f6875000200c7547f6875000200c7547f6875000200c7547f6875
2026-03-16 03:40:29.039,BLD-RUN-02,jamie.patel,1,python3,"python3",systemd,,,SHA256=001bd152fc319649001bd152fc319649001bd152fc319649001bd152fc319649
2026-03-16 03:49:54.768,FIN-WS17,jamie.patel,1,git,"git",explorer.exe,,,SHA256=0009455672b74cb70009455672b74cb70009455672b74cb70009455672b74cb7
2026-03-16 03:56:54.171,ENG-MAC-04,svc-build,1,node,"node",launchd,,,SHA256=0009abbd5f110a2d0009abbd5f110a2d0009abbd5f110a2d0009abbd5f110a2d
2026-03-16 04:07:01.839,FIN-WS22,svc-build,1,node,"node",cmd.exe,,,SHA256=001f86703c7a6427001f86703c7a6427001f86703c7a6427001f86703c7a6427
2026-03-16 04:18:23.042,FIN-WS17,riley.kapoor,1,node,"node",cmd.exe,,,SHA256=000f04c33d445c05000f04c33d445c05000f04c33d445c05000f04c33d445c05
2026-03-16 04:29:02.323,LINUX-JUMP-01,jamie.patel,1,node,"node",cmd.exe,,,SHA256=000212595dba84ba000212595dba84ba000212595dba84ba000212595dba84ba
2026-03-16 04:37:44.660,ENG-MAC-17,svc-export,1,sshd,"sshd",systemd,,,SHA256=00201ea95244d51a00201ea95244d51a00201ea95244d51a00201ea95244d51a
2026-03-16 04:45:33.060,FIN-WS22,jamie.patel,1,outlook.exe,"outlook.exe",systemd,,,SHA256=0022acdce6fc9eb20022acdce6fc9eb20022acdce6fc9eb20022acdce6fc9eb2
2026-03-16 04:53:30.179,ENG-MAC-17,svc-build,1,slack.exe,"slack.exe",cmd.exe,,,SHA256=0012766de4a98b6f0012766de4a98b6f0012766de4a98b6f0012766de4a98b6f
2026-03-16 05:01:21.601,ENG-MAC-17,riley.kapoor,1,powershell.exe,"powershell.exe",cmd.exe,,,SHA256=0010836e2809cc840010836e2809cc840010836e2809cc840010836e2809cc84
2026-03-16 05:10:45.524,ENG-MAC-17,jamie.patel,1,sshd,"sshd",cmd.exe,,,SHA256=00026d13ca485b4500026d13ca485b4500026d13ca485b4500026d13ca485b45
2026-03-16 05:21:32.343,FIN-WS17,taylor.owens,1,slack.exe,"slack.exe",explorer.exe,,,SHA256=000277dc5bcf6101000277dc5bcf6101000277dc5bcf6101000277dc5bcf6101
2026-03-16 05:25:56.270,ENG-MAC-17,alex.chen,1,python3,"python3",systemd,,,SHA256=0011e322f35b1cef0011e322f35b1cef0011e322f35b1cef0011e322f35b1cef
2026-03-16 05:28:51.706,LINUX-JUMP-01,taylor.owens,1,git,"git",cmd.exe,,,SHA256=001adcfc7c43ffce001adcfc7c43ffce001adcfc7c43ffce001adcfc7c43ffce
2026-03-16 05:31:55.371,FIN-WS22,morgan.sato,1,powershell.exe,"powershell.exe",cmd.exe,,,SHA256=000239e0af01c2d7000239e0af01c2d7000239e0af01c2d7000239e0af01c2d7
2026-03-16 05:38:50.745,ENG-MAC-17,alex.chen,1,sshd,"sshd",systemd,,,SHA256=0012355782d20c020012355782d20c020012355782d20c020012355782d20c02
2026-03-16 05:48:17.437,ENG-MAC-17,jamie.patel,1,chrome.exe,"chrome.exe",systemd,,,SHA256=000a392d15f04bcf000a392d15f04bcf000a392d15f04bcf000a392d15f04bcf
2026-03-16 05:54:11.715,FIN-WS17,alex.chen,1,powershell.exe,"powershell.exe",explorer.exe,,,SHA256=000e0465d929f919000e0465d929f919000e0465d929f919000e0465d929f919
2026-03-16 06:04:06.411,BLD-RUN-02,svc-export,1,sshd,"sshd",systemd,,,SHA256=0003e3541ba8b59a0003e3541ba8b59a0003e3541ba8b59a0003e3541ba8b59a
2026-03-16 06:15:23.244,ENG-MAC-17,riley.kapoor,1,node,"node",systemd,,,SHA256=001cfde2e0374a23001cfde2e0374a23001cfde2e0374a23001cfde2e0374a23
2026-03-16 06:21:56.587,LINUX-JUMP-01,morgan.sato,1,outlook.exe,"outlook.exe",explorer.exe,,,SHA256=000ecc9627fc5bbc000ecc9627fc5bbc000ecc9627fc5bbc000ecc9627fc5bbc
2026-03-16 06:27:36.887,FIN-WS17,morgan.sato,1,git,"git",explorer.exe,,,SHA256=000490e927814b29000490e927814b29000490e927814b29000490e927814b29
2026-03-16 06:31:30.077,FIN-WS22,alex.chen,1,outlook.exe,"outlook.exe",launchd,,,SHA256=001bd114d0976e81001bd114d0976e81001bd114d0976e81001bd114d0976e81
2026-03-16 06:39:15.956,FIN-WS17,jamie.patel,1,git,"git",systemd,,,SHA256=001bfda37ce9d0dd001bfda37ce9d0dd001bfda37ce9d0dd001bfda37ce9d0dd
2026-03-16 06:42:26.920,FIN-WS17,riley.kapoor,1,git,"git",cmd.exe,,,SHA256=0009b5f5fee76e4b0009b5f5fee76e4b0009b5f5fee76e4b0009b5f5fee76e4b
2026-03-16 06:46:35.651,ENG-MAC-04,morgan.sato,1,slack.exe,"slack.exe",explorer.exe,,,SHA256=001743975f908a85001743975f908a85001743975f908a85001743975f908a85
2026-03-16 06:53:47.177,ENG-MAC-04,svc-export,1,node,"node",systemd,,,SHA256=0011c30a4e0fd71f0011c30a4e0fd71f0011c30a4e0fd71f0011c30a4e0fd71f
2026-03-16 07:02:11.642,FIN-WS17,jamie.patel,1,git,"git",launchd,,,SHA256=0008087b1f86b2270008087b1f86b2270008087b1f86b2270008087b1f86b227
2026-03-16 07:06:17.473,FIN-WS22,riley.kapoor,1,powershell.exe,"powershell.exe",explorer.exe,,,SHA256=000c857a1ac76870000c857a1ac76870000c857a1ac76870000c857a1ac76870
2026-03-16 07:12:22.373,LINUX-JUMP-01,taylor.owens,1,chrome.exe,"chrome.exe",launchd,,,SHA256=001df43e1db726f7001df43e1db726f7001df43e1db726f7001df43e1db726f7
2026-03-16 07:22:17.572,FIN-WS17,taylor.owens,1,sshd,"sshd",cmd.exe,,,SHA256=0002903d9404b52b0002903d9404b52b0002903d9404b52b0002903d9404b52b
2026-03-16 07:27:28.488,BLD-RUN-02,taylor.owens,1,python3,"python3",explorer.exe,,,SHA256=00063801c3b63dff00063801c3b63dff00063801c3b63dff00063801c3b63dff
2026-03-16 07:35:15.691,LINUX-JUMP-01,alex.chen,1,outlook.exe,"outlook.exe",explorer.exe,,,SHA256=00151292bf30e80600151292bf30e80600151292bf30e80600151292bf30e806
2026-03-16 07:44:40.903,ENG-MAC-17,svc-export,1,node,"node",systemd,,,SHA256=0012960454e5d5100012960454e5d5100012960454e5d5100012960454e5d510
2026-03-16 07:47:24.394,ENG-MAC-17,alex.chen,1,sshd,"sshd",explorer.exe,,,SHA256=000b6d87fa97e804000b6d87fa97e804000b6d87fa97e804000b6d87fa97e804
2026-03-16 07:50:47.171,FIN-WS22,jamie.patel,1,git,"git",cmd.exe,,,SHA256=001a699db15d73e8001a699db15d73e8001a699db15d73e8001a699db15d73e8
2026-03-16 07:58:42.031,LINUX-JUMP-01,alex.chen,1,outlook.exe,"outlook.exe",explorer.exe,,,SHA256=001b91f41286494c001b91f41286494c001b91f41286494c001b91f41286494c
2026-03-16 08:03:53.912,FIN-WS22,alex.chen,1,node,"node",explorer.exe,,,SHA256=001da31810b087a3001da31810b087a3001da31810b087a3001da31810b087a3
2026-03-16 08:09:27.791,BLD-RUN-02,jamie.patel,1,git,"git",explorer.exe,,,SHA256=001af3a3a155b62a001af3a3a155b62a001af3a3a155b62a001af3a3a155b62a
2026-03-16 08:20:01.210,ENG-MAC-17,svc-export,1,sshd,"sshd",explorer.exe,,,SHA256=00113f76626d046500113f76626d046500113f76626d046500113f76626d0465
2026-03-16 08:28:51.602,BLD-RUN-02,riley.kapoor,1,powershell.exe,"powershell.exe",explorer.exe,,,SHA256=0022e4066442bc640022e4066442bc640022e4066442bc640022e4066442bc64
2026-03-16 08:33:52.999,FIN-WS22,jamie.patel,1,powershell.exe,"powershell.exe",explorer.exe,,,SHA256=0004e1886777f9460004e1886777f9460004e1886777f9460004e1886777f946
2026-03-16 08:36:23.199,FIN-WS22,jamie.patel,1,powershell.exe,"powershell.exe",explorer.exe,,,SHA256=000b6b8fe4ee2abf000b6b8fe4ee2abf000b6b8fe4ee2abf000b6b8fe4ee2abf
2026-03-16 08:44:25.587,LINUX-JUMP-01,jamie.patel,1,outlook.exe,"outlook.exe",cmd.exe,,,SHA256=000c39198690e280000c39198690e280000c39198690e280000c39198690e280
2026-03-16 08:54:37.826,LINUX-JUMP-01,taylor.owens,1,powershell.exe,"powershell.exe",systemd,,,SHA256=00040de0babf6ad300040de0babf6ad300040de0babf6ad300040de0babf6ad3
2026-03-16 09:00:44.587,FIN-WS22,riley.kapoor,1,python3,"python3",systemd,,,SHA256=0011698028f9c5d70011698028f9c5d70011698028f9c5d70011698028f9c5d7
2026-03-16 09:08:19.155,LINUX-JUMP-01,riley.kapoor,1,sshd,"sshd",systemd,,,SHA256=00066149db6c830e00066149db6c830e00066149db6c830e00066149db6c830e
2026-03-16 09:12:18.662,FIN-WS22,svc-export,1,slack.exe,"slack.exe",cmd.exe,,,SHA256=00059074e7b4654700059074e7b4654700059074e7b4654700059074e7b46547
2026-03-16 09:17:53.141,ENG-MAC-17,morgan.sato,1,git,"git",systemd,,,SHA256=00111461267aad0600111461267aad0600111461267aad0600111461267aad06
2026-03-16 09:28:46.599,FIN-WS22,riley.kapoor,1,python3,"python3",systemd,,,SHA256=00184626cf2f13f300184626cf2f13f300184626cf2f13f300184626cf2f13f3
2026-03-16 09:38:29.636,ENG-MAC-04,morgan.sato,1,chrome.exe,"chrome.exe",cmd.exe,,,SHA256=0015454558e4ac020015454558e4ac020015454558e4ac020015454558e4ac02
2026-03-16 09:44:32.364,FIN-WS17,riley.kapoor,1,sshd,"sshd",explorer.exe,,,SHA256=0019b574dc27f94b0019b574dc27f94b0019b574dc27f94b0019b574dc27f94b
2026-03-16 09:48:41.732,BLD-RUN-02,svc-build,1,outlook.exe,"outlook.exe",cmd.exe,,,SHA256=000fbc56ff4f4fc9000fbc56ff4f4fc9000fbc56ff4f4fc9000fbc56ff4f4fc9
2026-03-16 09:59:50.913,FIN-WS17,riley.kapoor,1,outlook.exe,"outlook.exe",explorer.exe,,,SHA256=001dded49b52ce7e001dded49b52ce7e001dded49b52ce7e001dded49b52ce7e
2026-03-16 10:03:35.923,FIN-WS17,morgan.sato,1,node,"node",cmd.exe,,,SHA256=001edb2c6a5fcfac001edb2c6a5fcfac001edb2c6a5fcfac001edb2c6a5fcfac
2026-03-16 10:07:05.656,ENG-MAC-17,taylor.owens,1,git,"git",explorer.exe,,,SHA256=000f9bdc791d6222000f9bdc791d6222000f9bdc791d6222000f9bdc791d6222
2026-03-16 10:10:39.284,BLD-RUN-02,svc-export,1,chrome.exe,"chrome.exe",explorer.exe,,,SHA256=00045d6bf574e9d000045d6bf574e9d000045d6bf574e9d000045d6bf574e9d0
2026-03-16 10:19:26.596,LINUX-JUMP-01,svc-export,1,python3,"python3",cmd.exe,,,SHA256=0014ab8e037d6e210014ab8e037d6e210014ab8e037d6e210014ab8e037d6e21
2026-03-16 10:27:53.009,ENG-MAC-04,morgan.sato,1,chrome.exe,"chrome.exe",explorer.exe,,,SHA256=000a68006785f2c0000a68006785f2c0000a68006785f2c0000a68006785f2c0
2026-03-16 10:31:56.293,BLD-RUN-02,taylor.owens,1,python3,"python3",launchd,,,SHA256=00113c99a2088be500113c99a2088be500113c99a2088be500113c99a2088be5
2026-03-16 10:35:34.779,FIN-WS22,riley.kapoor,1,chrome.exe,"chrome.exe",cmd.exe,,,SHA256=00063cdb3b35413100063cdb3b35413100063cdb3b35413100063cdb3b354131
2026-03-16 10:45:38.928,BLD-RUN-02,svc-build,1,sshd,"sshd",systemd,,,SHA256=001a7a3ece6052c5001a7a3ece6052c5001a7a3ece6052c5001a7a3ece6052c5
2026-03-16 10:54:15.527,ENG-MAC-17,morgan.sato,1,node,"node",explorer.exe,,,SHA256=00089f9c9b04a21600089f9c9b04a21600089f9c9b04a21600089f9c9b04a216
2026-03-16 11:02:25.858,LINUX-JUMP-01,morgan.sato,1,node,"node",cmd.exe,,,SHA256=0014cd891952ecb00014cd891952ecb00014cd891952ecb00014cd891952ecb0
2026-03-16 11:09:49.323,FIN-WS17,taylor.owens,1,python3,"python3",cmd.exe,,,SHA256=00162097d59dc0e700162097d59dc0e700162097d59dc0e700162097d59dc0e7
2026-03-16 11:21:19.199,ENG-MAC-04,alex.chen,1,outlook.exe,"outlook.exe",cmd.exe,,,SHA256=00180d215f18ad1a00180d215f18ad1a00180d215f18ad1a00180d215f18ad1a
2026-03-16 11:31:38.217,FIN-WS17,alex.chen,1,git,"git",cmd.exe,,,SHA256=0009a0f9736bb02c0009a0f9736bb02c0009a0f9736bb02c0009a0f9736bb02c
2026-03-16 11:42:33.071,ENG-MAC-17,morgan.sato,1,powershell.exe,"powershell.exe",explorer.exe,,,SHA256=000b97df1eb07626000b97df1eb07626000b97df1eb07626000b97df1eb07626
2026-03-16 11:51:26.992,ENG-MAC-04,svc-export,1,chrome.exe,"chrome.exe",explorer.exe,,,SHA256=001aa1d483edfe4f001aa1d483edfe4f001aa1d483edfe4f001aa1d483edfe4f
2026-03-16 11:55:40.288,ENG-MAC-17,taylor.owens,1,chrome.exe,"chrome.exe",launchd,,,SHA256=0002d0d81ee2f8140002d0d81ee2f8140002d0d81ee2f8140002d0d81ee2f814
2026-03-16 12:06:45.919,LINUX-JUMP-01,jamie.patel,1,chrome.exe,"chrome.exe",launchd,,,SHA256=000a548d798c02a1000a548d798c02a1000a548d798c02a1000a548d798c02a1
2026-03-16 12:11:10.390,ENG-MAC-04,jamie.patel,1,python3,"python3",explorer.exe,,,SHA256=00014385fc9016ec00014385fc9016ec00014385fc9016ec00014385fc9016ec
2026-03-16 12:15:32.724,FIN-WS22,svc-build,1,sshd,"sshd",systemd,,,SHA256=00023eed3dc34eab00023eed3dc34eab00023eed3dc34eab00023eed3dc34eab
2026-03-16 12:21:33.032,BLD-RUN-02,taylor.owens,1,powershell.exe,"powershell.exe",systemd,,,SHA256=000f077cd5ea026b000f077cd5ea026b000f077cd5ea026b000f077cd5ea026b
2026-03-16 12:32:48.101,BLD-RUN-02,taylor.owens,1,python3,"python3",cmd.exe,,,SHA256=001cf5388e506fb9001cf5388e506fb9001cf5388e506fb9001cf5388e506fb9
2026-03-16 12:40:38.891,BLD-RUN-02,svc-export,1,slack.exe,"slack.exe",explorer.exe,,,SHA256=0008108014e6cc2c0008108014e6cc2c0008108014e6cc2c0008108014e6cc2c
2026-03-16 12:48:52.234,BLD-RUN-02,morgan.sato,1,python3,"python3",systemd,,,SHA256=000b2cb248016ca3000b2cb248016ca3000b2cb248016ca3000b2cb248016ca3
2026-03-16 12:52:38.360,ENG-MAC-04,alex.chen,1,outlook.exe,"outlook.exe",systemd,,,SHA256=0020c5e9c46c881a0020c5e9c46c881a0020c5e9c46c881a0020c5e9c46c881a
2026-03-16 12:55:52.915,ENG-MAC-04,svc-build,1,chrome.exe,"chrome.exe",cmd.exe,,,SHA256=00093cc7004fabdd00093cc7004fabdd00093cc7004fabdd00093cc7004fabdd
2026-03-16 13:03:56.421,ENG-MAC-17,svc-export,1,python3,"python3",launchd,,,SHA256=0015853fdd1643130015853fdd1643130015853fdd1643130015853fdd164313
2026-03-16 13:15:08.962,LINUX-JUMP-01,morgan.sato,1,sshd,"sshd",cmd.exe,,,SHA256=0014af8162702dc10014af8162702dc10014af8162702dc10014af8162702dc1
2026-03-16 13:19:50.227,ENG-MAC-17,alex.chen,1,python3,"python3",systemd,,,SHA256=00028fa749845bde00028fa749845bde00028fa749845bde00028fa749845bde
2026-03-16 13:30:55.786,LINUX-JUMP-01,jamie.patel,1,chrome.exe,"chrome.exe",cmd.exe,,,SHA256=000b00774662471a000b00774662471a000b00774662471a000b00774662471a
2026-03-16 13:39:34.043,LINUX-JUMP-01,svc-export,1,outlook.exe,"outlook.exe",launchd,,,SHA256=00169fdaa8710a5100169fdaa8710a5100169fdaa8710a5100169fdaa8710a51
2026-03-16 13:46:13.053,BLD-RUN-02,taylor.owens,1,git,"git",explorer.exe,,,SHA256=000ee4619a5d47f3000ee4619a5d47f3000ee4619a5d47f3000ee4619a5d47f3
2026-03-16 13:53:04.314,ENG-MAC-04,jamie.patel,1,sshd,"sshd",cmd.exe,,,SHA256=001a8399380d20be001a8399380d20be001a8399380d20be001a8399380d20be
2026-03-16 14:01:57.536,FIN-WS17,morgan.sato,1,powershell.exe,"powershell.exe",explorer.exe,,,SHA256=000c398413e9ba9f000c398413e9ba9f000c398413e9ba9f000c398413e9ba9f
2026-03-16 14:09:35.759,FIN-WS17,alex.chen,1,sshd,"sshd",systemd,,,SHA256=00180323d19b539d00180323d19b539d00180323d19b539d00180323d19b539d
2026-03-16 14:13:17.369,FIN-WS22,alex.chen,1,powershell.exe,"powershell.exe",explorer.exe,,,SHA256=00022db6f4f7270b00022db6f4f7270b00022db6f4f7270b00022db6f4f7270b
2026-03-16 14:19:47.520,LINUX-JUMP-01,svc-build,1,chrome.exe,"chrome.exe",systemd,,,SHA256=001e9c5ffe18937f001e9c5ffe18937f001e9c5ffe18937f001e9c5ffe18937f
2026-03-16 14:26:07.031,FIN-WS22,svc-build,1,outlook.exe,"outlook.exe",explorer.exe,,,SHA256=002104a381dc8642002104a381dc8642002104a381dc8642002104a381dc8642
2026-03-16 14:28:56.509,ENG-MAC-17,morgan.sato,1,powershell.exe,"powershell.exe",launchd,,,SHA256=00178ad8f385453000178ad8f385453000178ad8f385453000178ad8f3854530
2026-03-16 14:38:35.529,FIN-WS22,jamie.patel,1,slack.exe,"slack.exe",cmd.exe,,,SHA256=0018d86540a3d2400018d86540a3d2400018d86540a3d2400018d86540a3d240
2026-03-16 14:44:23.226,FIN-WS17,jamie.patel,1,outlook.exe,"outlook.exe",explorer.exe,,,SHA256=00155bc9274f642d00155bc9274f642d00155bc9274f642d00155bc9274f642d
2026-03-16 14:48:43.363,LINUX-JUMP-01,svc-build,1,python3,"python3",systemd,,,SHA256=000d295450875dfa000d295450875dfa000d295450875dfa000d295450875dfa
2026-03-16 14:55:13.454,ENG-MAC-04,alex.chen,1,slack.exe,"slack.exe",explorer.exe,,,SHA256=000d62a8f102db47000d62a8f102db47000d62a8f102db47000d62a8f102db47
2026-03-16 15:03:36.981,BLD-RUN-02,alex.chen,1,python3,"python3",explorer.exe,,,SHA256=001cdd984e4fe1ac001cdd984e4fe1ac001cdd984e4fe1ac001cdd984e4fe1ac
2026-03-16 15:06:47.345,FIN-WS22,taylor.owens,1,node,"node",cmd.exe,,,SHA256=00072cafe0a49f9700072cafe0a49f9700072cafe0a49f9700072cafe0a49f97
2026-03-16 15:16:32.567,FIN-WS17,taylor.owens,1,outlook.exe,"outlook.exe",explorer.exe,,,SHA256=000b98203e136764000b98203e136764000b98203e136764000b98203e136764
2026-03-16 15:23:25.548,LINUX-JUMP-01,morgan.sato,1,node,"node",explorer.exe,,,SHA256=000919235b4059a4000919235b4059a4000919235b4059a4000919235b4059a4
2026-03-16 15:30:14.111,LINUX-JUMP-01,riley.kapoor,1,chrome.exe,"chrome.exe",launchd,,,SHA256=0014148ecfc183ce0014148ecfc183ce0014148ecfc183ce0014148ecfc183ce
2026-03-16 15:41:30.158,BLD-RUN-02,jamie.patel,1,powershell.exe,"powershell.exe",systemd,,,SHA256=000aceaaba67a8d1000aceaaba67a8d1000aceaaba67a8d1000aceaaba67a8d1
2026-03-16 15:51:33.864,FIN-WS22,svc-export,1,python3,"python3",launchd,,,SHA256=001154e2b6bd8740001154e2b6bd8740001154e2b6bd8740001154e2b6bd8740
2026-03-16 16:02:36.378,FIN-WS17,taylor.owens,1,node,"node",launchd,,,SHA256=001ba0ab57914d0c001ba0ab57914d0c001ba0ab57914d0c001ba0ab57914d0c
2026-03-16 16:07:56.372,FIN-WS17,taylor.owens,1,sshd,"sshd",cmd.exe,,,SHA256=00097325be61930700097325be61930700097325be61930700097325be619307
2026-03-16 16:11:18.920,ENG-MAC-17,jamie.patel,1,outlook.exe,"outlook.exe",explorer.exe,,,SHA256=001eafbce9b0c2b3001eafbce9b0c2b3001eafbce9b0c2b3001eafbce9b0c2b3
2026-03-16 16:18:30.438,ENG-MAC-04,riley.kapoor,1,node,"node",launchd,,,SHA256=000b4a1fba50bef3000b4a1fba50bef3000b4a1fba50bef3000b4a1fba50bef3
2026-03-16 16:25:55.295,LINUX-JUMP-01,jamie.patel,1,outlook.exe,"outlook.exe",systemd,,,SHA256=000e3e6e049a1cc7000e3e6e049a1cc7000e3e6e049a1cc7000e3e6e049a1cc7
2026-03-16 16:35:26.460,BLD-RUN-02,alex.chen,1,node,"node",cmd.exe,,,SHA256=001f94b7c882bb20001f94b7c882bb20001f94b7c882bb20001f94b7c882bb20
2026-03-16 16:39:56.260,ENG-MAC-17,morgan.sato,1,git,"git",systemd,,,SHA256=001641efe8aa2957001641efe8aa2957001641efe8aa2957001641efe8aa2957
2026-03-16 16:51:19.746,ENG-MAC-04,jamie.patel,1,outlook.exe,"outlook.exe",cmd.exe,,,SHA256=001e54c9e89c9a05001e54c9e89c9a05001e54c9e89c9a05001e54c9e89c9a05
2026-03-16 17:01:11.825,BLD-RUN-02,alex.chen,1,python3,"python3",launchd,,,SHA256=00029eefdcdc2c2500029eefdcdc2c2500029eefdcdc2c2500029eefdcdc2c25
2026-03-16 17:11:53.504,ENG-MAC-17,jamie.patel,1,slack.exe,"slack.exe",cmd.exe,,,SHA256=00175da226a0aec000175da226a0aec000175da226a0aec000175da226a0aec0
2026-03-16 17:14:49.349,ENG-MAC-17,jamie.patel,1,powershell.exe,"powershell.exe",systemd,,,SHA256=0005e1acc4f8bb9c0005e1acc4f8bb9c0005e1acc4f8bb9c0005e1acc4f8bb9c
2026-03-16 17:18:58.352,BLD-RUN-02,taylor.owens,1,chrome.exe,"chrome.exe",systemd,,,SHA256=00145ec91661aba200145ec91661aba200145ec91661aba200145ec91661aba2
2026-03-16 17:22:18.355,FIN-WS17,svc-export,1,outlook.exe,"outlook.exe",launchd,,,SHA256=000aaeeefa168bf6000aaeeefa168bf6000aaeeefa168bf6000aaeeefa168bf6
2026-03-16 17:29:58.300,FIN-WS17,riley.kapoor,1,powershell.exe,"powershell.exe",explorer.exe,,,SHA256=001895be85646cf8001895be85646cf8001895be85646cf8001895be85646cf8
2026-03-16 17:36:24.862,FIN-WS17,alex.chen,1,chrome.exe,"chrome.exe",systemd,,,SHA256=001115419e3c34a7001115419e3c34a7001115419e3c34a7001115419e3c34a7
2026-03-16 17:41:36.301,BLD-RUN-02,svc-export,1,git,"git",launchd,,,SHA256=000b7075f7031c1b000b7075f7031c1b000b7075f7031c1b000b7075f7031c1b
2026-03-16 17:48:36.109,ENG-MAC-04,riley.kapoor,1,slack.exe,"slack.exe",explorer.exe,,,SHA256=001b7e1297053c0f001b7e1297053c0f001b7e1297053c0f001b7e1297053c0f
2026-03-16 17:55:05.571,LINUX-JUMP-01,svc-build,1,git,"git",systemd,,,SHA256=001975d3b91a96b9001975d3b91a96b9001975d3b91a96b9001975d3b91a96b9
2026-03-16 18:04:04.713,ENG-MAC-17,riley.kapoor,1,powershell.exe,"powershell.exe",explorer.exe,,,SHA256=0005ba6aa3e9f55f0005ba6aa3e9f55f0005ba6aa3e9f55f0005ba6aa3e9f55f
2026-03-16 18:13:36.021,FIN-WS22,svc-export,1,chrome.exe,"chrome.exe",cmd.exe,,,SHA256=000ac2f16f2c4664000ac2f16f2c4664000ac2f16f2c4664000ac2f16f2c4664
2026-03-16 18:16:39.398,ENG-MAC-17,riley.kapoor,1,powershell.exe,"powershell.exe",systemd,,,SHA256=00141d82effcfcca00141d82effcfcca00141d82effcfcca00141d82effcfcca
2026-03-16 18:23:58.259,BLD-RUN-02,alex.chen,1,powershell.exe,"powershell.exe",explorer.exe,,,SHA256=001d972436abd45a001d972436abd45a001d972436abd45a001d972436abd45a
2026-03-16 18:26:57.572,ENG-MAC-04,svc-export,1,powershell.exe,"powershell.exe",explorer.exe,,,SHA256=0003e064804b5def0003e064804b5def0003e064804b5def0003e064804b5def
2026-03-16 18:37:30.750,ENG-MAC-17,svc-export,1,slack.exe,"slack.exe",launchd,,,SHA256=00049fc25db5659500049fc25db5659500049fc25db5659500049fc25db56595
2026-03-16 18:47:33.153,FIN-WS17,svc-build,1,outlook.exe,"outlook.exe",cmd.exe,,,SHA256=001f884e61e5b085001f884e61e5b085001f884e61e5b085001f884e61e5b085
2026-03-16 18:52:48.843,FIN-WS17,riley.kapoor,1,sshd,"sshd",cmd.exe,,,SHA256=000c8694644e4b15000c8694644e4b15000c8694644e4b15000c8694644e4b15
2026-03-16 19:03:01.164,LINUX-JUMP-01,jamie.patel,1,node,"node",systemd,,,SHA256=001d6653a450b746001d6653a450b746001d6653a450b746001d6653a450b746
2026-03-16 19:13:17.504,FIN-WS17,svc-build,1,git,"git",cmd.exe,,,SHA256=002186c76b06526c002186c76b06526c002186c76b06526c002186c76b06526c
2026-03-16 19:16:58.745,LINUX-JUMP-01,jamie.patel,1,git,"git",launchd,,,SHA256=000e50236a094d1f000e50236a094d1f000e50236a094d1f000e50236a094d1f
2026-03-16 19:22:22.705,FIN-WS22,morgan.sato,1,chrome.exe,"chrome.exe",systemd,,,SHA256=0018ac09d03722890018ac09d03722890018ac09d03722890018ac09d0372289
2026-03-16 19:27:30.357,ENG-MAC-04,riley.kapoor,1,python3,"python3",launchd,,,SHA256=00099593f240ac9800099593f240ac9800099593f240ac9800099593f240ac98
2026-03-16 19:34:59.575,ENG-MAC-17,jamie.patel,1,node,"node",systemd,,,SHA256=0014dbf6f12e50c80014dbf6f12e50c80014dbf6f12e50c80014dbf6f12e50c8
2026-03-16 19:44:23.080,ENG-MAC-17,alex.chen,1,git,"git",explorer.exe,,,SHA256=00040478f2885d8000040478f2885d8000040478f2885d8000040478f2885d80
2026-03-16 19:51:08.505,ENG-MAC-04,morgan.sato,1,node,"node",cmd.exe,,,SHA256=000c32a610401a38000c32a610401a38000c32a610401a38000c32a610401a38
2026-03-16 20:01:06.017,ENG-MAC-04,alex.chen,1,sshd,"sshd",cmd.exe,,,SHA256=0008ef84454c54dc0008ef84454c54dc0008ef84454c54dc0008ef84454c54dc
2026-03-16 20:10:13.552,ENG-MAC-04,svc-build,1,powershell.exe,"powershell.exe",explorer.exe,,,SHA256=001e20eb4803ed2d001e20eb4803ed2d001e20eb4803ed2d001e20eb4803ed2d
2026-03-16 20:16:25.973,LINUX-JUMP-01,svc-build,1,powershell.exe,"powershell.exe",launchd,,,SHA256=001c5e0b7fa31311001c5e0b7fa31311001c5e0b7fa31311001c5e0b7fa31311
2026-03-16 20:25:50.603,ENG-MAC-17,jamie.patel,1,node,"node",explorer.exe,,,SHA256=001ef5db95d42f08001ef5db95d42f08001ef5db95d42f08001ef5db95d42f08
2026-03-16 20:35:59.654,BLD-RUN-02,jamie.patel,1,outlook.exe,"outlook.exe",cmd.exe,,,SHA256=000f1ceaab32cc4e000f1ceaab32cc4e000f1ceaab32cc4e000f1ceaab32cc4e
2026-03-16 20:46:35.881,BLD-RUN-02,jamie.patel,1,python3,"python3",launchd,,,SHA256=001b059c1bb2ea45001b059c1bb2ea45001b059c1bb2ea45001b059c1bb2ea45
2026-03-16 20:58:00.814,FIN-WS22,svc-build,1,git,"git",explorer.exe,,,SHA256=0000df504c1de73d0000df504c1de73d0000df504c1de73d0000df504c1de73d
2026-03-16 21:06:38.507,ENG-MAC-04,morgan.sato,1,git,"git",cmd.exe,,,SHA256=0000cca1fc0b50c40000cca1fc0b50c40000cca1fc0b50c40000cca1fc0b50c4
2026-03-16 21:12:08.848,ENG-MAC-17,svc-export,1,python3,"python3",systemd,,,SHA256=001d10d47ac95dec001d10d47ac95dec001d10d47ac95dec001d10d47ac95dec
2026-03-16 21:20:23.953,ENG-MAC-04,svc-build,1,powershell.exe,"powershell.exe",explorer.exe,,,SHA256=00227df1b7913e5a00227df1b7913e5a00227df1b7913e5a00227df1b7913e5a
2026-03-16 21:24:03.501,FIN-WS17,taylor.owens,1,chrome.exe,"chrome.exe",explorer.exe,,,SHA256=00193d3b91cdccf900193d3b91cdccf900193d3b91cdccf900193d3b91cdccf9
2026-03-16 21:27:08.349,BLD-RUN-02,jamie.patel,1,git,"git",explorer.exe,,,SHA256=001e7c4078d2279a001e7c4078d2279a001e7c4078d2279a001e7c4078d2279a
2026-03-16 21:34:58.451,FIN-WS17,taylor.owens,1,sshd,"sshd",cmd.exe,,,SHA256=00210b950a5c3cfc00210b950a5c3cfc00210b950a5c3cfc00210b950a5c3cfc
2026-03-16 21:42:46.726,FIN-WS17,morgan.sato,1,outlook.exe,"outlook.exe",explorer.exe,,,SHA256=0005d833f9e820de0005d833f9e820de0005d833f9e820de0005d833f9e820de
2026-03-16 21:51:24.669,LINUX-JUMP-01,taylor.owens,1,chrome.exe,"chrome.exe",launchd,,,SHA256=000938fe75ecf237000938fe75ecf237000938fe75ecf237000938fe75ecf237
2026-03-16 21:59:31.403,BLD-RUN-02,riley.kapoor,1,outlook.exe,"outlook.exe",systemd,,,SHA256=00225896b9f9e99c00225896b9f9e99c00225896b9f9e99c00225896b9f9e99c
2026-03-16 22:02:42.582,ENG-MAC-17,alex.chen,1,node,"node",cmd.exe,,,SHA256=000e209f34acce82000e209f34acce82000e209f34acce82000e209f34acce82
2026-03-16 22:13:39.874,ENG-MAC-17,riley.kapoor,1,chrome.exe,"chrome.exe",systemd,,,SHA256=0013ca6e5c8227e60013ca6e5c8227e60013ca6e5c8227e60013ca6e5c8227e6
2026-03-16 22:19:00.187,FIN-WS17,svc-export,1,outlook.exe,"outlook.exe",explorer.exe,,,SHA256=0009009e0f6011720009009e0f6011720009009e0f6011720009009e0f601172
2026-03-16 22:30:04.619,FIN-WS22,svc-export,1,node,"node",cmd.exe,,,SHA256=001a20d334974041001a20d334974041001a20d334974041001a20d334974041
2026-03-16 22:34:42.386,BLD-RUN-02,morgan.sato,1,powershell.exe,"powershell.exe",launchd,,,SHA256=0007b8473ccc82cb0007b8473ccc82cb0007b8473ccc82cb0007b8473ccc82cb
2026-03-16 22:41:40.470,FIN-WS17,jamie.patel,1,outlook.exe,"outlook.exe",systemd,,,SHA256=000fddf3776875a9000fddf3776875a9000fddf3776875a9000fddf3776875a9
2026-03-16 22:45:34.945,FIN-WS22,alex.chen,1,git,"git",systemd,,,SHA256=00191c4bcfc8532800191c4bcfc8532800191c4bcfc8532800191c4bcfc85328
2026-03-16 22:49:18.201,FIN-WS22,jamie.patel,1,node,"node",launchd,,,SHA256=0018482dce123de30018482dce123de30018482dce123de30018482dce123de3
2026-03-16 22:55:54.593,BLD-RUN-02,alex.chen,1,outlook.exe,"outlook.exe",systemd,,,SHA256=0012f1a351d03ee70012f1a351d03ee70012f1a351d03ee70012f1a351d03ee7
2026-03-16 23:01:16.204,ENG-MAC-17,svc-build,1,sshd,"sshd",explorer.exe,,,SHA256=001d7491c729f605001d7491c729f605001d7491c729f605001d7491c729f605
2026-03-16 23:08:14.920,BLD-RUN-02,alex.chen,1,node,"node",launchd,,,SHA256=001f8154e9f7bf59001f8154e9f7bf59001f8154e9f7bf59001f8154e9f7bf59
2026-03-16 23:18:55.209,FIN-WS17,svc-build,1,slack.exe,"slack.exe",systemd,,,SHA256=001e84f68bb46341001e84f68bb46341001e84f68bb46341001e84f68bb46341
2026-03-16 23:21:45.841,LINUX-JUMP-01,alex.chen,1,outlook.exe,"outlook.exe",cmd.exe,,,SHA256=00230e3950e2562a00230e3950e2562a00230e3950e2562a00230e3950e2562a
2026-03-16 23:32:24.121,BLD-RUN-02,taylor.owens,1,node,"node",launchd,,,SHA256=0002b2da5d12abf70002b2da5d12abf70002b2da5d12abf70002b2da5d12abf7
2026-03-16 23:40:02.521,BLD-RUN-02,taylor.owens,1,python3,"python3",launchd,,,SHA256=0018a0fa17423f0b0018a0fa17423f0b0018a0fa17423f0b0018a0fa17423f0b
2026-03-16 23:45:58.198,BLD-RUN-02,morgan.sato,1,node,"node",explorer.exe,,,SHA256=000a98136932b4fd000a98136932b4fd000a98136932b4fd000a98136932b4fd
2026-03-16 23:50:47.794,ENG-MAC-04,alex.chen,1,node,"node",cmd.exe,,,SHA256=001652a2767013a8001652a2767013a8001652a2767013a8001652a2767013a8
